src,dst,weight
K03186,K01006,1
K03186,K01595,1
K03186,K00170,5
K03186,K00176,5
K03186,K04038,1
K03186,K01627,1
K03186,K00145,1
K03186,K00169,5
K03186,K00052,5
K03186,K16212,1
K03186,K00691,1
K03186,K03783,11
K03186,K00133,1
K03186,K03784,11
K03186,K00147,1
K03186,K00789,1
K03186,K03737,5
K03186,K00134,1
K03186,K00177,5
K03186,K01616,5
K03186,K00702,1
K03186,K00634,1
K03186,K00763,1
K01095,K16212,1
K01095,K00133,1
K01095,K00789,1
K01095,K00134,1
K01095,K00702,1
K01095,K00763,1
K01095,K01006,1
K01095,K00634,1
K01095,K01595,1
K01095,K04038,1
K01095,K01627,1
K01095,K00145,1
K01095,K00691,1
K01095,K03783,11
K01095,K03784,11
K01095,K00147,1
K01641,K00262,1
K01641,K01184,2
K01641,K08968,1
K01641,K00371,2
K01641,K01424,1
K01641,K14652,1
K01641,K05349,13
K01641,K01241,1
K01641,K01096,1
K01641,K16950,1
K01641,K01749,1
K01641,K01194,1
K01641,K11533,3
K01641,K25072,1
K01641,K01486,1
K01641,K00169,1
K01641,K04042,1
K01641,K01487,1
K01641,K01095,1
K01641,K00645,1
K01641,K03426,3
K01641,K06966,4
K01641,K19302,1
K01641,K03737,1
K01641,K00627,1
K01641,K02170,1
K01641,K24954,1
K01641,K00789,1
K01641,K01771,1
K01641,K00600,1
K01641,K19270,1
K01641,K01950,1
K01641,K05526,1
K01641,K00370,2
K01641,K12373,10
K01641,K00374,2
K01641,K05350,13
K01641,K01007,1
K01641,K01439,1
K01641,K01426,5
K01641,K00384,1
K01641,K01739,1
K01641,K16951,1
K01641,K01193,6
K01641,K06153,1
K01641,K00170,1
K01641,K01236,1
K01641,K02564,1
K01641,K01251,1
K01641,K03527,1
K01641,K15524,1
K13497,K05349,13
K13497,K01749,1
K13497,K01194,1
K13497,K25072,1
K13497,K01096,1
K13497,K00382,2
K13497,K01486,1
K13497,K01487,1
K13497,K03426,3
K13497,K06966,4
K13497,K01095,1
K13497,K19302,1
K13497,K03737,2
K13497,K00764,1
K13497,K24954,1
K13497,K00789,1
K13497,K00627,2
K13497,K00600,1
K13497,K02170,1
K13497,K01714,2
K13497,K01950,1
K13497,K00370,2
K13497,K01771,1
K13497,K19270,1
K13497,K01007,3
K13497,K05526,1
K13497,K00384,1
K13497,K12373,10
K13497,K00374,2
K13497,K05350,13
K13497,K01006,2
K13497,K01193,6
K13497,K01439,1
K13497,K01426,5
K13497,K01739,1
K13497,K16951,1
K13497,K06153,1
K13497,K01236,1
K13497,K02564,1
K13497,K00832,1
K13497,K01915,1
K13497,K01251,1
K13497,K03527,1
K13497,K15524,1
K13497,K00262,2
K13497,K01184,2
K13497,K08968,1
K13497,K00371,2
K13497,K01424,1
K13497,K14652,1
K13497,K01241,1
K13497,K16950,1
K01714,K05350,13
K01714,K01439,1
K01714,K01426,5
K01714,K01739,1
K01714,K16951,1
K01714,K02564,1
K01714,K01193,6
K01714,K01251,1
K01714,K06153,1
K01714,K01236,1
K01714,K01184,2
K01714,K00371,2
K01714,K03527,1
K01714,K15524,1
K01714,K00262,1
K01714,K08968,1
K01714,K16950,1
K01714,K01424,1
K01714,K14652,1
K01714,K05349,13
K01714,K01749,1
K01714,K25072,1
K01714,K01241,1
K01714,K01096,1
K01714,K01194,1
K01714,K01486,1
K01714,K01487,1
K01714,K01095,1
K01714,K19302,1
K01714,K03426,3
K01714,K06966,4
K01714,K00789,1
K01714,K00600,1
K01714,K02170,1
K01714,K24954,1
K01714,K01771,1
K01714,K19270,1
K01714,K01950,1
K01714,K01007,1
K01714,K05526,1
K01714,K00370,2
K01714,K00384,1
K01714,K12373,10
K01714,K00374,2
K05526,K00764,1
K05526,K01739,1
K05526,K01915,1
K05526,K00832,1
K05526,K00262,1
K00634,K00164,1
K00634,K11533,1
K00634,K00382,6
K00634,K00169,1
K00634,K04021,1
K00634,K03737,1
K00634,K01638,1
K00634,K01647,1
K00634,K00627,1
K00634,K01649,1
K00634,K01616,1
K00634,K00170,1
K00634,K01641,1
K04021,K07566,1
K04021,K22270,2
K04021,K00645,1
K04021,K04561,1
K04021,K00169,2
K04021,K04042,1
K04021,K00052,2
K04021,K03426,1
K04021,K00528,1
K04021,K05895,2
K04021,K03737,2
K04021,K00481,1
K04021,K00627,1
K04021,K08351,1
K04021,K00177,1
K04021,K14266,1
K04021,K04748,1
K04021,K15981,1
K04021,K02612,1
K04021,K00384,1
K04021,K01739,1
K04021,K16951,2
K04021,K00170,2
K04021,K03465,1
K04021,K00425,1
K04021,K02610,1
K04021,K23976,1
K04021,K00176,1
K04021,K21480,1
K04021,K03527,1
K04021,K03594,1
K04021,K16950,2
K04021,K02371,2
K04021,K02609,1
K04021,K00426,1
K04021,K11533,6
K04021,K22769,1
K04021,K18277,1
K03737,K00170,4
K03737,K01641,1
K03737,K00176,1
K03737,K03527,1
K03737,K04038,1
K03737,K00164,1
K03737,K00382,7
K03737,K11533,4
K03737,K00645,1
K03737,K00169,4
K03737,K04042,1
K03737,K00052,1
K03737,K04021,1
K03737,K00627,3
K03737,K01638,1
K03737,K01714,1
K03737,K00177,1
K03737,K01647,1
K03737,K01649,1
K03737,K01616,2
K03737,K01007,1
K03737,K03186,1
K03737,K01006,1
K00852,K05939,1
K00852,K07566,1
K00852,K06920,1
K00852,K00865,1
K00852,K09903,1
K00852,K00853,2
K00852,K16329,1
K00852,K07029,1
K00852,K06211,3
K00852,K00789,1
K00852,K01916,1
K00852,K01872,1
K00852,K19710,3
K00852,K01950,1
K00852,K21147,1
K00852,K01007,1
K00852,K10747,2
K00852,K01918,1
K00852,K00763,1
K00852,K01006,1
K00852,K01915,1
K00852,K00926,2
K00852,K01910,1
K00852,K04038,1
K00852,K00940,17
K00702,K00692,1
K00702,K00963,1
K00702,K05350,1
K00702,K05349,1
K18981,K02371,2
K18981,K00426,1
K18981,K11533,3
K18981,K22769,1
K18981,K07566,1
K18981,K22270,2
K18981,K00169,1
K18981,K00052,2
K18981,K03426,1
K18981,K04561,1
K18981,K03737,1
K18981,K00528,1
K18981,K05895,2
K18981,K00481,1
K18981,K08351,1
K18981,K14266,1
K18981,K04748,1
K18981,K02612,1
K18981,K00177,1
K18981,K15981,1
K18981,K00384,1
K18981,K01739,1
K18981,K16951,2
K18981,K03465,1
K18981,K00170,1
K18981,K00425,1
K18981,K02610,1
K18981,K23976,1
K18981,K21480,1
K18981,K03527,1
K18981,K03594,1
K18981,K00176,1
K18981,K02609,1
K18981,K18277,1
K18981,K16950,2
K02502,K00789,1
K02502,K01916,1
K02502,K01872,1
K02502,K00853,2
K02502,K07029,1
K02502,K19710,2
K02502,K01950,1
K02502,K21147,1
K02502,K01007,1
K02502,K00926,2
K02502,K10747,1
K02502,K01918,1
K02502,K01006,1
K02502,K01915,1
K02502,K01910,1
K02502,K00940,16
K02502,K05939,1
K02502,K07566,1
K02502,K00852,1
K02502,K06920,1
K02502,K09903,1
K02502,K00865,1
K02502,K06211,3
K03781,K01095,2
K03781,K00052,1
K03781,K03426,6
K03781,K06966,8
K03781,K04561,1
K03781,K19302,2
K03781,K03737,1
K03781,K00481,2
K03781,K02170,2
K03781,K24954,2
K03781,K00789,2
K03781,K00528,1
K03781,K05895,1
K03781,K01771,2
K03781,K00600,2
K03781,K08351,1
K03781,K14266,2
K03781,K19270,2
K03781,K01950,2
K03781,K04748,1
K03781,K05526,2
K03781,K02612,2
K03781,K00177,1
K03781,K00370,4
K03781,K00384,3
K03781,K12373,20
K03781,K00374,4
K03781,K05350,26
K03781,K03184,1
K03781,K15981,2
K03781,K01007,2
K03781,K01439,2
K03781,K01426,10
K03781,K01739,3
K03781,K16951,3
K03781,K01193,12
K03781,K01251,2
K03781,K03465,1
K03781,K06153,2
K03781,K00170,1
K03781,K01236,2
K03781,K00425,2
K03781,K02564,2
K03781,K02610,2
K03781,K23976,1
K03781,K00176,1
K03781,K21480,2
K03781,K03527,3
K03781,K15524,2
K03781,K00262,2
K03781,K01184,4
K03781,K03594,2
K03781,K08968,2
K03781,K00371,4
K03781,K01424,2
K03781,K02371,1
K03781,K14652,2
K03781,K05349,26
K03781,K02609,2
K03781,K18277,2
K03781,K01241,2
K03781,K01096,2
K03781,K16950,3
K03781,K02826,1
K03781,K01749,2
K03781,K01194,2
K03781,K00426,2
K03781,K11533,2
K03781,K22769,2
K03781,K25072,3
K03781,K07566,1
K03781,K22270,2
K03781,K01486,2
K03781,K00169,1
K03781,K01487,2
K03781,K00432,1
K00963,K13497,1
K00963,K00763,1
K00963,K00697,1
K00963,K00764,1
K00963,K02502,1
K00963,K00789,1
K00963,K00765,1
K01918,K00763,1
K01918,K01241,1
K01918,K00764,1
K01918,K06966,1
K01918,K02502,1
K01918,K00789,1
K01918,K00765,1
K01918,K13497,1
K01910,K13497,1
K01910,K00763,1
K01910,K01241,1
K01910,K00764,1
K01910,K06966,1
K01910,K02502,1
K01910,K00789,1
K01910,K00765,1
K00170,K04021,1
K00170,K22270,1
K00170,K04561,1
K00170,K00169,5
K00170,K00052,2
K00170,K01638,1
K00170,K00528,1
K00170,K05895,1
K00170,K03737,5
K00170,K01647,1
K00170,K00481,1
K00170,K00627,2
K00170,K08351,1
K00170,K01714,1
K00170,K02612,1
K00170,K00177,3
K00170,K01649,1
K00170,K14266,1
K00170,K01616,2
K00170,K04748,1
K00170,K15981,2
K00170,K01007,1
K00170,K00384,1
K00170,K01006,1
K00170,K01739,1
K00170,K16951,1
K00170,K03186,1
K00170,K01641,1
K00170,K23976,2
K00170,K03465,1
K00170,K00425,1
K00170,K02610,1
K00170,K03594,1
K00170,K00176,3
K00170,K21480,2
K00170,K03527,3
K00170,K04038,1
K00170,K00164,1
K00170,K16950,1
K00170,K02371,1
K00170,K02609,1
K00170,K00426,1
K00170,K11533,3
K00170,K22769,1
K00170,K18277,1
K00170,K07566,1
K00170,K00382,7
K16950,K18981,1
K16950,K01739,3
K16950,K10747,1
K16950,K16951,4
K16950,K02564,1
K16950,K01193,6
K16950,K01251,1
K16950,K03465,2
K16950,K06153,1
K16950,K00170,1
K16950,K01236,1
K16950,K00425,1
K16950,K02610,2
K16950,K23976,2
K16950,K00176,1
K16950,K21480,1
K16950,K00371,2
K16950,K03527,2
K16950,K15524,1
K16950,K00262,1
K16950,K01184,2
K16950,K03594,1
K16950,K08968,1
K16950,K01424,1
K16950,K02371,9
K16950,K14652,1
K16950,K05349,13
K16950,K01749,1
K16950,K02609,2
K16950,K25072,1
K16950,K18277,2
K16950,K00164,1
K16950,K01241,1
K16950,K01096,1
K16950,K00382,10
K16950,K01194,1
K16950,K00426,1
K16950,K11533,10
K16950,K00605,1
K16950,K22769,2
K16950,K07566,1
K16950,K22270,1
K16950,K01486,1
K16950,K24042,1
K16950,K00169,1
K16950,K01487,1
K16950,K01095,1
K16950,K19302,1
K16950,K00052,3
K16950,K04021,1
K16950,K03426,4
K16950,K06966,4
K16950,K04561,1
K16950,K00789,1
K16950,K03737,1
K16950,K00481,2
K16950,K00627,1
K16950,K00600,1
K16950,K02170,1
K16950,K24954,1
K16950,K00134,1
K16950,K00528,1
K16950,K00177,1
K16950,K05895,1
K16950,K01771,1
K16950,K08351,2
K16950,K14266,1
K16950,K19270,1
K16950,K01950,1
K16950,K01616,1
K16950,K04748,1
K16950,K01007,1
K16950,K05526,1
K16950,K02612,2
K16950,K00370,2
K16950,K00384,3
K16950,K12373,10
K16950,K00374,2
K16950,K00322,2
K16950,K05350,13
K16950,K15981,1
K16950,K01439,1
K16950,K01426,5
K24042,K15981,1
K24042,K01739,1
K24042,K16951,2
K24042,K03465,2
K24042,K00170,1
K24042,K00425,1
K24042,K02610,1
K24042,K23976,1
K24042,K00176,1
K24042,K21480,1
K24042,K03527,1
K24042,K03594,1
K24042,K08968,1
K24042,K02371,2
K24042,K02609,1
K24042,K18277,1
K24042,K00382,1
K24042,K16950,2
K24042,K00426,1
K24042,K11533,3
K24042,K22769,1
K24042,K07566,1
K24042,K22270,2
K24042,K00605,2
K24042,K00169,1
K24042,K00052,2
K24042,K03426,1
K24042,K04561,1
K24042,K00789,1
K24042,K03737,1
K24042,K00481,1
K24042,K00600,1
K24042,K00528,1
K24042,K00177,1
K24042,K05895,2
K24042,K08351,1
K24042,K14266,1
K24042,K04748,1
K24042,K02612,1
K24042,K00384,1
K22270,K01251,1
K22270,K03527,1
K22270,K15524,1
K22270,K06153,1
K22270,K00262,1
K22270,K01184,2
K22270,K08968,1
K22270,K00371,2
K22270,K01424,1
K22270,K00164,1
K22270,K01241,1
K22270,K16950,1
K22270,K02371,8
K22270,K14652,1
K22270,K05349,13
K22270,K01749,1
K22270,K01194,1
K22270,K11533,7
K22270,K25072,1
K22270,K01096,1
K22270,K00382,10
K22270,K01486,1
K22270,K00605,1
K22270,K04021,1
K22270,K03426,4
K22270,K06966,4
K22270,K24042,1
K22270,K01487,1
K22270,K01095,1
K22270,K19302,1
K22270,K00052,2
K22270,K00789,1
K22270,K00627,1
K22270,K00600,1
K22270,K02170,1
K22270,K24954,1
K22270,K01950,1
K22270,K00134,1
K22270,K00370,2
K22270,K01771,1
K22270,K19270,1
K22270,K01616,1
K22270,K01007,1
K22270,K05526,1
K22270,K18981,1
K22270,K00384,1
K22270,K12373,10
K22270,K00374,2
K22270,K10747,1
K22270,K00322,1
K22270,K05350,13
K22270,K01193,6
K22270,K01439,1
K22270,K01426,5
K22270,K01739,1
K22270,K16951,1
K22270,K01236,1
K22270,K02564,1
K08968,K01739,1
K08968,K00384,1
K23976,K01486,1
K23976,K24042,1
K23976,K00169,1
K23976,K01487,1
K23976,K01095,1
K23976,K19302,1
K23976,K03426,3
K23976,K06966,4
K23976,K00600,1
K23976,K02170,1
K23976,K24954,1
K23976,K00789,1
K23976,K01771,1
K23976,K19270,1
K23976,K01950,1
K23976,K01007,1
K23976,K05526,1
K23976,K00370,2
K23976,K00384,1
K23976,K12373,10
K23976,K00374,2
K23976,K05350,13
K23976,K01439,1
K23976,K01426,5
K23976,K01739,1
K23976,K16951,1
K23976,K02564,1
K23976,K01193,6
K23976,K01251,1
K23976,K06153,1
K23976,K00170,1
K23976,K01236,1
K23976,K00371,2
K23976,K03527,2
K23976,K04038,1
K23976,K15524,1
K23976,K00262,1
K23976,K01184,2
K23976,K08968,1
K23976,K01424,1
K23976,K14652,1
K23976,K05349,13
K23976,K01749,1
K23976,K25072,1
K23976,K01241,1
K23976,K01096,1
K23976,K16950,1
K23976,K01194,1
K00763,K00600,1
K00763,K07029,1
K00763,K02170,1
K00763,K24954,1
K00763,K21147,1
K00763,K00789,2
K00763,K00528,1
K00763,K00177,1
K00763,K01916,1
K00763,K05895,1
K00763,K01771,1
K00763,K08351,1
K00763,K14266,1
K00763,K19710,2
K00763,K19270,1
K00763,K01950,2
K00763,K04748,1
K00763,K01007,2
K00763,K05526,1
K00763,K02612,1
K00763,K00370,2
K00763,K00384,2
K00763,K12373,10
K00763,K00374,2
K00763,K05350,13
K00763,K15981,1
K00763,K01439,1
K00763,K01426,5
K00763,K01739,2
K00763,K10747,1
K00763,K01918,1
K00763,K16951,2
K00763,K02564,1
K00763,K01006,1
K00763,K01193,6
K00763,K01915,1
K00763,K00926,2
K00763,K01251,1
K00763,K03465,1
K00763,K06153,1
K00763,K00170,1
K00763,K01236,1
K00763,K00425,1
K00763,K02610,1
K00763,K23976,1
K00763,K00176,1
K00763,K21480,1
K00763,K00371,2
K00763,K01910,1
K00763,K03527,2
K00763,K15524,1
K00763,K00262,1
K00763,K01184,2
K00763,K03594,1
K00763,K08968,1
K00763,K01424,1
K00763,K02371,1
K00763,K14652,1
K00763,K05349,13
K00763,K01749,1
K00763,K02609,1
K00763,K00940,16
K00763,K25072,1
K00763,K18277,1
K00763,K01241,1
K00763,K01096,1
K00763,K16950,2
K00763,K01194,1
K00763,K00426,1
K00763,K05939,1
K00763,K11533,2
K00763,K22769,1
K00763,K07566,2
K00763,K22270,1
K00763,K00852,1
K00763,K06920,1
K00763,K01486,1
K00763,K00169,1
K00763,K01487,1
K00763,K01095,1
K00763,K19302,1
K00763,K00052,1
K00763,K00865,1
K00763,K06211,3
K00763,K03426,3
K00763,K06966,4
K00763,K04561,1
K00763,K09903,1
K00763,K01872,1
K00763,K00853,2
K00763,K03737,1
K00763,K00481,1
K10747,K00702,1
K10747,K00634,1
K10747,K00763,3
K10747,K01006,1
K10747,K01595,1
K10747,K04038,1
K10747,K01627,1
K10747,K01241,3
K10747,K00145,1
K10747,K00691,1
K10747,K06211,1
K10747,K03783,11
K10747,K00133,1
K10747,K06966,3
K10747,K03784,11
K10747,K00147,1
K10747,K00765,2
K10747,K00764,2
K10747,K16212,1
K10747,K02502,2
K10747,K00789,3
K10747,K00134,1
K10747,K13497,2
K03784,K01486,2
K03784,K00169,1
K03784,K01487,2
K03784,K04561,1
K03784,K00052,1
K03784,K03737,1
K03784,K00528,1
K03784,K05895,1
K03784,K00481,1
K03784,K08351,1
K03784,K14266,1
K03784,K04748,1
K03784,K02612,1
K03784,K00177,1
K03784,K15981,1
K03784,K00384,1
K03784,K01739,1
K03784,K16951,1
K03784,K03465,1
K03784,K00170,1
K03784,K00425,1
K03784,K02610,1
K03784,K23976,1
K03784,K21480,1
K03784,K03527,1
K03784,K03594,1
K03784,K00176,1
K03784,K02609,1
K03784,K18277,1
K03784,K16950,1
K03784,K02371,1
K03784,K00426,1
K03784,K11533,2
K03784,K22769,1
K03784,K07566,1
K03784,K22270,1
K03783,K00481,1
K03783,K08351,1
K03783,K14266,1
K03783,K04748,1
K03783,K02612,1
K03783,K00177,1
K03783,K15981,1
K03783,K00384,1
K03783,K01739,1
K03783,K16951,1
K03783,K00170,1
K03783,K00425,1
K03783,K23976,1
K03783,K21480,1
K03783,K03527,1
K03783,K03465,1
K03783,K02610,1
K03783,K03594,1
K03783,K00176,1
K03783,K02609,1
K03783,K16950,1
K03783,K02371,1
K03783,K00426,1
K03783,K11533,2
K03783,K22769,1
K03783,K18277,1
K03783,K07566,1
K03783,K01486,2
K03783,K00169,1
K03783,K01487,2
K03783,K22270,1
K03783,K04561,1
K03783,K00052,1
K03783,K03737,1
K03783,K00528,1
K03783,K05895,1
K02826,K01771,1
K02826,K00600,1
K02826,K19270,1
K02826,K01950,1
K02826,K00370,2
K02826,K00374,2
K02826,K05350,13
K02826,K01007,1
K02826,K05526,1
K02826,K01439,1
K02826,K01426,5
K02826,K00384,1
K02826,K12373,10
K02826,K01739,1
K02826,K16951,1
K02826,K01193,6
K02826,K06153,1
K02826,K01236,1
K02826,K02564,1
K02826,K01251,1
K02826,K03527,1
K02826,K15524,1
K02826,K00262,1
K02826,K01184,2
K02826,K08968,1
K02826,K00371,2
K02826,K01424,1
K02826,K14652,1
K02826,K05349,13
K02826,K01241,1
K02826,K16950,1
K02826,K01749,1
K02826,K01194,1
K02826,K11533,2
K02826,K25072,1
K02826,K01096,1
K02826,K01486,1
K02826,K01487,1
K02826,K01095,1
K02826,K03426,3
K02826,K06966,4
K02826,K19302,1
K02826,K02170,1
K02826,K24954,1
K02826,K00789,1
K01739,K16212,1
K01739,K00133,1
K01739,K03784,11
K01739,K00789,1
K01739,K01916,1
K01739,K00134,1
K01739,K13497,1
K01739,K20934,1
K01739,K00702,1
K01739,K01426,1
K01739,K00763,1
K01739,K01006,1
K01739,K00926,1
K01739,K00634,1
K01739,K01595,1
K01739,K16951,1
K01739,K00170,1
K01739,K01915,1
K01739,K26110,1
K01739,K08968,1
K01739,K01910,3
K01739,K01627,1
K01739,K04038,1
K01739,K16950,1
K01739,K00145,1
K01739,K24042,2
K01739,K00169,1
K01739,K06920,1
K01739,K00691,1
K01739,K03783,11
K01739,K00147,1
K01739,K01657,1
K01739,K00052,1
K01739,K01658,1
K01739,K13503,1
K00645,K00164,1
K00645,K02371,1
K00645,K11533,11
K00645,K00382,6
K00645,K00169,1
K00645,K04021,1
K00645,K03737,1
K00645,K01638,1
K00645,K01647,1
K00645,K00627,1
K00645,K01649,1
K00645,K01616,1
K00645,K00170,1
K00645,K01641,1
K01007,K04038,1
K01007,K01627,1
K01007,K01241,1
K01007,K00145,1
K01007,K00691,1
K01007,K03783,11
K01007,K00133,1
K01007,K06966,1
K01007,K03784,11
K01007,K00147,1
K01007,K16212,1
K01007,K00789,1
K01007,K00134,1
K01007,K00702,1
K01007,K00634,1
K01007,K00763,1
K01007,K01006,1
K01007,K01595,1
K04561,K00789,1
K04561,K01771,1
K04561,K00600,1
K04561,K19270,1
K04561,K01950,1
K04561,K00370,3
K04561,K00374,3
K04561,K05350,13
K04561,K01007,1
K04561,K05526,1
K04561,K01439,1
K04561,K01426,5
K04561,K00384,1
K04561,K12373,10
K04561,K01739,1
K04561,K16951,1
K04561,K01193,6
K04561,K06153,1
K04561,K01236,1
K04561,K02564,1
K04561,K01251,1
K04561,K03527,1
K04561,K15524,1
K04561,K00262,1
K04561,K01184,2
K04561,K08968,1
K04561,K00371,3
K04561,K01424,1
K04561,K14652,1
K04561,K05349,13
K04561,K01241,1
K04561,K16950,1
K04561,K01749,1
K04561,K01194,1
K04561,K25072,1
K04561,K01096,1
K04561,K01486,1
K04561,K01487,1
K04561,K01095,1
K04561,K03426,3
K04561,K06966,4
K04561,K19302,1
K04561,K02170,1
K04561,K24954,1
K21480,K01771,1
K21480,K19270,1
K21480,K01007,1
K21480,K05526,1
K21480,K01426,5
K21480,K00384,1
K21480,K12373,10
K21480,K00374,2
K21480,K05350,13
K21480,K01193,6
K21480,K01439,1
K21480,K01739,1
K21480,K16951,1
K21480,K06153,1
K21480,K00170,1
K21480,K01236,1
K21480,K02564,1
K21480,K01251,1
K21480,K03527,2
K21480,K15524,1
K21480,K00262,1
K21480,K01184,2
K21480,K03594,1
K21480,K08968,1
K21480,K00371,2
K21480,K01424,1
K21480,K14652,1
K21480,K04038,1
K21480,K01241,1
K21480,K16950,1
K21480,K05349,13
K21480,K01749,1
K21480,K01194,1
K21480,K25072,1
K21480,K01096,1
K21480,K01486,1
K21480,K00169,1
K21480,K01487,1
K21480,K01095,1
K21480,K03426,3
K21480,K06966,4
K21480,K19302,1
K21480,K24954,1
K21480,K00789,1
K21480,K00600,1
K21480,K02170,1
K21480,K01950,1
K21480,K00370,2
K12373,K01251,1
K12373,K06153,1
K12373,K01184,2
K12373,K00371,2
K12373,K03527,1
K12373,K15524,1
K12373,K00262,1
K12373,K08968,1
K12373,K16950,1
K12373,K01424,1
K12373,K14652,1
K12373,K05349,13
K12373,K01749,1
K12373,K25072,1
K12373,K01241,1
K12373,K01096,1
K12373,K01194,1
K12373,K01486,1
K12373,K01487,1
K12373,K01095,1
K12373,K19302,1
K12373,K03426,3
K12373,K06966,4
K12373,K00789,1
K12373,K00600,1
K12373,K02170,1
K12373,K24954,1
K12373,K01950,1
K12373,K01771,1
K12373,K19270,1
K12373,K01007,1
K12373,K05526,1
K12373,K00370,2
K12373,K00384,1
K12373,K00374,2
K12373,K05350,13
K12373,K01439,1
K12373,K01426,5
K12373,K01739,1
K12373,K16951,1
K12373,K01236,1
K12373,K02564,1
K12373,K01193,6
K19270,K00702,1
K19270,K00763,1
K19270,K00634,1
K19270,K01595,1
K19270,K01006,1
K19270,K04038,1
K19270,K01627,1
K19270,K00691,1
K19270,K00145,1
K19270,K16212,1
K19270,K03783,11
K19270,K00133,1
K19270,K03784,11
K19270,K00147,1
K19270,K00789,1
K19270,K00134,1
K00432,K12373,10
K00432,K00374,2
K00432,K05350,13
K00432,K01439,1
K00432,K01426,5
K00432,K01739,1
K00432,K16951,1
K00432,K01193,6
K00432,K01251,1
K00432,K06153,1
K00432,K01236,1
K00432,K02564,1
K00432,K00371,2
K00432,K03527,1
K00432,K15524,1
K00432,K00262,1
K00432,K01184,2
K00432,K08968,1
K00432,K01424,1
K00432,K14652,1
K00432,K05349,13
K00432,K01749,1
K00432,K01241,1
K00432,K01096,1
K00432,K16950,1
K00432,K01194,1
K00432,K25072,1
K00432,K01486,1
K00432,K01487,1
K00432,K01095,1
K00432,K03426,3
K00432,K06966,4
K00432,K19302,1
K00432,K02170,1
K00432,K24954,1
K00432,K00789,1
K00432,K01771,1
K00432,K00600,1
K00432,K19270,1
K00432,K01950,1
K00432,K01007,1
K00432,K05526,1
K00432,K00370,2
K00432,K00384,1
K02371,K03594,8
K02371,K16950,16
K02371,K02609,8
K02371,K11533,31
K02371,K18277,8
K02371,K00164,1
K02371,K00382,10
K02371,K00426,8
K02371,K00605,1
K02371,K22769,8
K02371,K04021,1
K02371,K07566,8
K02371,K22270,16
K02371,K04561,8
K02371,K24042,1
K02371,K00169,8
K02371,K00052,18
K02371,K03426,9
K02371,K00528,8
K02371,K05895,16
K02371,K03737,8
K02371,K00481,8
K02371,K00627,1
K02371,K00134,1
K02371,K00177,8
K02371,K08351,8
K02371,K14266,8
K02371,K01616,1
K02371,K04748,8
K02371,K15981,8
K02371,K02612,8
K02371,K00384,8
K02371,K00322,1
K02371,K18981,1
K02371,K01739,8
K02371,K10747,1
K02371,K16951,16
K02371,K03465,8
K02371,K00170,8
K02371,K00425,8
K02371,K02610,8
K02371,K23976,8
K02371,K00176,8
K02371,K21480,8
K02371,K03527,8
K03527,K00262,1
K03527,K01184,2
K03527,K03594,1
K03527,K08968,1
K03527,K00176,2
K03527,K00371,2
K03527,K01424,1
K03527,K14652,1
K03527,K05349,13
K03527,K02609,1
K03527,K18277,1
K03527,K01241,1
K03527,K16950,2
K03527,K02371,1
K03527,K01749,1
K03527,K01194,1
K03527,K00426,1
K03527,K11533,2
K03527,K22769,1
K03527,K25072,1
K03527,K01096,1
K03527,K07566,1
K03527,K22270,1
K03527,K01486,1
K03527,K01823,1
K03527,K00169,3
K03527,K01487,1
K03527,K01095,1
K03527,K00052,1
K03527,K03426,3
K03527,K06966,4
K03527,K04561,1
K03527,K19302,1
K03527,K03737,2
K03527,K02170,1
K03527,K24954,1
K03527,K00789,1
K03527,K00528,1
K03527,K05895,1
K03527,K01771,1
K03527,K00481,1
K03527,K00600,1
K03527,K08351,1
K03527,K14266,1
K03527,K19270,1
K03527,K01950,1
K03527,K04748,1
K03527,K02612,1
K03527,K00177,2
K03527,K00370,2
K03527,K00374,2
K03527,K15981,2
K03527,K01007,1
K03527,K05526,1
K03527,K01439,1
K03527,K01426,5
K03527,K00384,2
K03527,K12373,10
K03527,K01739,2
K03527,K16951,2
K03527,K05350,13
K03527,K01193,6
K03527,K03465,1
K03527,K06153,1
K03527,K00170,3
K03527,K01236,1
K03527,K00425,1
K03527,K02564,1
K03527,K02610,1
K03527,K23976,2
K03527,K21480,2
K03527,K01251,1
K03527,K04038,1
K03527,K15524,1
K00605,K02371,2
K00605,K14652,1
K00605,K05349,13
K00605,K01749,1
K00605,K02609,1
K00605,K01194,1
K00605,K00426,1
K00605,K11533,3
K00605,K22769,1
K00605,K25072,1
K00605,K18277,1
K00605,K01096,1
K00605,K00382,1
K00605,K07566,1
K00605,K22270,2
K00605,K06920,2
K00605,K01486,1
K00605,K01657,2
K00605,K04561,1
K00605,K00169,2
K00605,K01487,1
K00605,K01095,1
K00605,K19302,1
K00605,K00052,3
K00605,K13503,2
K00605,K03426,4
K00605,K06966,4
K00605,K00789,1
K00605,K00528,1
K00605,K01916,2
K00605,K05895,2
K00605,K03737,2
K00605,K01658,2
K00605,K00481,1
K00605,K00600,3
K00605,K08351,1
K00605,K02170,1
K00605,K24954,1
K00605,K01950,1
K00605,K20934,2
K00605,K00177,2
K00605,K01771,1
K00605,K14266,1
K00605,K19270,1
K00605,K13497,2
K00605,K01616,1
K00605,K04748,1
K00605,K15981,1
K00605,K01007,1
K00605,K05526,1
K00605,K02612,1
K00605,K00370,2
K00605,K00384,2
K00605,K12373,10
K00605,K00374,2
K00605,K05350,13
K00605,K01193,6
K00605,K01439,1
K00605,K01426,7
K00605,K00926,2
K00605,K01739,2
K00605,K16951,3
K00605,K03186,1
K00605,K00170,2
K00605,K01236,1
K00605,K02564,1
K00605,K23976,1
K00605,K01915,2
K00605,K01251,1
K00605,K03465,3
K00605,K06153,1
K00605,K26110,2
K00605,K00425,1
K00605,K02610,1
K00605,K01184,2
K00605,K00176,2
K00605,K21480,1
K00605,K00371,2
K00605,K01424,1
K00605,K03527,2
K00605,K15524,1
K00605,K00262,1
K00605,K01241,1
K00605,K03594,1
K00605,K08968,1
K00605,K16950,3
K01424,K13497,1
K01424,K01426,1
K01424,K00926,1
K01424,K01915,1
K01424,K26110,1
K01424,K06920,1
K01424,K01657,1
K01424,K01658,1
K01424,K13503,1
K01424,K01916,1
K01424,K20934,1
K04038,K00262,1
K04038,K01184,2
K04038,K08968,1
K04038,K01424,1
K04038,K14652,1
K04038,K05349,13
K04038,K01749,1
K04038,K00940,16
K04038,K25072,1
K04038,K01241,1
K04038,K01096,1
K04038,K16950,1
K04038,K01194,1
K04038,K05939,1
K04038,K07566,1
K04038,K00852,1
K04038,K06920,1
K04038,K01486,1
K04038,K00169,1
K04038,K01487,1
K04038,K01095,1
K04038,K00865,1
K04038,K06211,3
K04038,K03426,3
K04038,K06966,4
K04038,K09903,1
K04038,K19302,1
K04038,K00853,2
K04038,K03737,1
K04038,K00600,1
K04038,K07029,1
K04038,K02170,1
K04038,K24954,1
K04038,K21147,1
K04038,K00789,2
K04038,K00177,1
K04038,K01916,1
K04038,K01872,1
K04038,K01771,1
K04038,K19710,2
K04038,K19270,1
K04038,K01950,2
K04038,K01007,2
K04038,K05526,1
K04038,K00370,2
K04038,K00384,1
K04038,K12373,10
K04038,K00374,2
K04038,K05350,13
K04038,K15981,1
K04038,K01439,1
K04038,K01426,5
K04038,K01739,1
K04038,K01918,1
K04038,K10747,1
K04038,K16951,1
K04038,K02564,1
K04038,K01006,1
K04038,K01193,6
K04038,K01915,1
K04038,K00926,2
K04038,K01251,1
K04038,K06153,1
K04038,K00170,1
K04038,K01236,1
K04038,K23976,1
K04038,K00176,1
K04038,K21480,1
K04038,K00371,2
K04038,K01910,1
K04038,K03527,2
K04038,K15524,1
K00134,K00528,1
K00134,K00177,1
K00134,K05895,2
K00134,K08351,1
K00134,K14266,1
K00134,K04748,1
K00134,K15981,1
K00134,K02612,1
K00134,K00384,1
K00134,K01739,1
K00134,K16951,2
K00134,K03465,1
K00134,K00170,1
K00134,K00425,1
K00134,K02610,1
K00134,K23976,1
K00134,K00176,1
K00134,K21480,1
K00134,K03527,1
K00134,K03594,1
K00134,K02371,2
K00134,K02609,1
K00134,K18277,1
K00134,K16950,2
K00134,K00426,1
K00134,K11533,3
K00134,K22769,1
K00134,K07566,1
K00134,K22270,2
K00134,K00169,1
K00134,K00052,2
K00134,K03426,1
K00134,K04561,1
K00134,K03737,1
K00134,K00481,1
K14266,K01095,1
K14266,K03426,3
K14266,K06966,4
K14266,K19302,1
K14266,K02170,1
K14266,K24954,1
K14266,K00789,1
K14266,K01771,1
K14266,K00600,1
K14266,K19270,1
K14266,K01950,1
K14266,K01007,1
K14266,K05526,1
K14266,K00370,2
K14266,K00384,1
K14266,K12373,10
K14266,K00374,2
K14266,K05350,13
K14266,K01439,1
K14266,K01426,5
K14266,K01739,1
K14266,K16951,1
K14266,K01193,6
K14266,K01251,1
K14266,K06153,1
K14266,K01236,1
K14266,K02564,1
K14266,K00371,2
K14266,K03527,1
K14266,K15524,1
K14266,K00262,1
K14266,K01184,2
K14266,K08968,1
K14266,K01424,1
K14266,K14652,1
K14266,K05349,13
K14266,K01749,1
K14266,K01241,1
K14266,K01096,1
K14266,K16950,1
K14266,K01194,1
K14266,K25072,1
K14266,K01486,1
K14266,K01487,1
K01771,K07029,1
K06966,K01486,1
K06966,K16329,4
K05350,K06153,1
K05350,K01236,1
K05350,K02564,1
K05350,K01251,1
K05350,K03527,1
K05350,K15524,1
K05350,K00262,1
K05350,K01184,2
K05350,K08968,1
K05350,K00371,2
K05350,K01424,1
K05350,K14652,1
K05350,K05349,20
K05350,K01241,1
K05350,K01096,1
K05350,K16950,1
K05350,K01749,1
K05350,K01194,1
K05350,K25072,1
K05350,K00692,5
K05350,K01486,1
K05350,K01487,1
K05350,K01095,1
K05350,K03426,3
K05350,K06966,4
K05350,K19302,1
K05350,K02170,1
K05350,K24954,1
K05350,K00789,1
K05350,K01771,1
K05350,K00600,1
K05350,K19270,1
K05350,K01950,1
K05350,K05526,1
K05350,K00370,2
K05350,K12373,10
K05350,K00374,2
K05350,K00702,1
K05350,K01007,1
K05350,K01439,1
K05350,K01426,5
K05350,K00384,1
K05350,K01739,1
K05350,K16951,1
K05350,K01193,6
K06920,K00600,1
K06920,K19710,1
K06920,K19270,1
K06920,K01950,1
K06920,K00134,1
K06920,K01007,1
K06920,K05526,1
K06920,K00370,2
K06920,K00384,1
K06920,K12373,10
K06920,K00374,2
K06920,K00702,1
K06920,K05350,13
K06920,K01439,1
K06920,K01426,5
K06920,K01739,1
K06920,K10747,1
K06920,K00634,1
K06920,K16951,1
K06920,K00763,2
K06920,K01006,1
K06920,K01193,6
K06920,K01251,1
K06920,K01595,1
K06920,K06153,1
K06920,K01236,1
K06920,K02564,1
K06920,K00371,2
K06920,K03527,1
K06920,K04038,2
K06920,K15524,1
K06920,K00262,1
K06920,K01184,2
K06920,K08968,1
K06920,K01424,1
K06920,K14652,1
K06920,K01627,1
K06920,K05349,13
K06920,K01749,1
K06920,K00940,1
K06920,K01241,1
K06920,K01096,1
K06920,K16950,1
K06920,K01194,1
K06920,K25072,1
K06920,K00852,1
K06920,K00145,1
K06920,K01486,1
K06920,K01487,1
K06920,K01095,1
K06920,K00691,1
K06920,K03783,11
K06920,K00133,1
K06920,K03426,3
K06920,K06966,4
K06920,K03784,11
K06920,K00147,1
K06920,K19302,1
K06920,K16212,1
K06920,K02170,1
K06920,K24954,1
K06920,K00789,2
K06920,K01771,1
K00177,K04038,1
K00177,K00164,4
K00177,K11533,1
K00177,K00382,7
K00177,K10206,1
K00177,K00169,2
K00177,K04021,1
K00177,K03737,1
K00177,K00627,1
K00177,K01638,1
K00177,K01647,1
K00177,K01649,1
K00177,K05825,2
K00177,K01616,4
K00177,K00170,2
K00177,K01641,1
K00177,K00832,3
K00177,K03527,1
K01616,K10206,1
K01616,K00169,5
K01616,K04021,1
K01616,K22270,2
K01616,K03426,1
K01616,K04561,1
K01616,K00052,5
K01616,K03737,5
K01616,K01638,1
K01616,K00528,1
K01616,K05895,2
K01616,K01647,1
K01616,K00481,1
K01616,K00627,1
K01616,K08351,1
K01616,K14266,1
K01616,K04748,1
K01616,K02612,1
K01616,K00177,5
K01616,K01649,1
K01616,K05825,3
K01616,K15981,1
K01616,K00384,1
K01616,K01739,1
K01616,K16951,2
K01616,K03186,3
K01616,K00170,5
K01616,K00425,1
K01616,K01641,1
K01616,K23976,1
K01616,K00832,3
K01616,K21480,1
K01616,K03527,1
K01616,K03465,1
K01616,K02610,1
K01616,K03594,1
K01616,K00176,5
K01616,K02609,1
K01616,K00164,6
K01616,K16950,2
K01616,K02371,2
K01616,K00426,1
K01616,K11533,4
K01616,K22769,1
K01616,K18277,1
K01616,K07566,1
K01616,K00382,7
K02612,K00600,1
K02612,K01950,1
K02612,K00370,2
K02612,K01771,1
K02612,K00374,2
K02612,K19270,1
K02612,K01007,1
K02612,K05526,1
K02612,K01426,5
K02612,K00384,3
K02612,K12373,10
K02612,K01739,1
K02612,K05350,13
K02612,K01193,6
K02612,K01439,1
K02612,K16951,2
K02612,K06153,1
K02612,K01236,1
K02612,K02564,1
K02612,K01251,1
K02612,K03527,1
K02612,K15524,1
K02612,K00262,2
K02612,K26110,1
K02612,K01184,2
K02612,K08968,1
K02612,K00371,2
K02612,K01424,1
K02612,K14652,1
K02612,K05349,13
K02612,K01241,1
K02612,K16950,2
K02612,K01749,1
K02612,K01194,1
K02612,K11533,7
K02612,K25072,1
K02612,K01096,1
K02612,K00145,1
K02612,K01486,1
K02612,K01487,1
K02612,K01095,1
K02612,K03426,3
K02612,K06966,4
K02612,K00147,1
K02612,K19302,1
K02612,K02170,1
K02612,K00133,1
K02612,K24954,1
K02612,K00789,1
K02612,K00528,1
K02612,K05895,1
K16951,K01739,3
K16951,K10747,1
K16951,K00170,1
K16951,K01236,1
K16951,K02564,1
K16951,K01251,1
K16951,K03465,2
K16951,K06153,1
K16951,K00425,1
K16951,K02610,2
K16951,K23976,2
K16951,K01184,2
K16951,K00176,1
K16951,K21480,1
K16951,K00371,2
K16951,K01424,1
K16951,K03527,2
K16951,K15524,1
K16951,K00262,1
K16951,K03594,1
K16951,K08968,1
K16951,K16950,4
K16951,K02371,9
K16951,K14652,1
K16951,K05349,13
K16951,K01749,1
K16951,K02609,2
K16951,K00426,1
K16951,K11533,10
K16951,K22769,2
K16951,K25072,1
K16951,K18277,2
K16951,K00164,1
K16951,K01241,1
K16951,K01096,1
K16951,K00382,10
K16951,K01194,1
K16951,K00605,1
K16951,K04021,1
K16951,K07566,1
K16951,K22270,1
K16951,K01486,1
K16951,K04561,1
K16951,K24042,1
K16951,K00169,1
K16951,K01487,1
K16951,K01095,1
K16951,K19302,1
K16951,K00052,3
K16951,K03426,4
K16951,K06966,4
K16951,K00789,1
K16951,K00528,1
K16951,K05895,1
K16951,K03737,1
K16951,K00481,2
K16951,K00627,1
K16951,K00600,1
K16951,K08351,2
K16951,K02170,1
K16951,K24954,1
K16951,K01950,1
K16951,K00134,1
K16951,K00177,1
K16951,K01771,1
K16951,K14266,1
K16951,K19270,1
K16951,K01616,1
K16951,K04748,1
K16951,K15981,1
K16951,K01007,1
K16951,K05526,1
K16951,K02612,2
K16951,K00370,2
K16951,K00384,3
K16951,K12373,10
K16951,K00374,2
K16951,K00322,2
K16951,K05350,13
K16951,K01193,6
K16951,K01439,1
K16951,K01426,5
K16951,K18981,1
K00262,K11533,3
K00262,K22769,2
K00262,K07566,1
K00262,K00382,1
K00262,K22270,1
K00262,K06920,1
K00262,K01657,1
K00262,K10206,1
K00262,K00169,1
K00262,K00052,1
K00262,K04561,1
K00262,K03737,1
K00262,K01658,1
K00262,K13503,1
K00262,K00481,2
K00262,K20934,1
K00262,K00528,1
K00262,K01916,1
K00262,K05895,1
K00262,K08351,2
K00262,K14266,1
K00262,K13497,1
K00262,K04748,1
K00262,K02612,2
K00262,K00177,1
K00262,K00384,2
K00262,K00322,1
K00262,K05825,2
K00262,K01616,3
K00262,K15981,1
K00262,K01426,1
K00262,K01739,1
K00262,K16951,1
K00262,K01915,1
K00262,K00926,1
K00262,K03465,2
K00262,K00170,1
K00262,K00425,1
K00262,K02610,2
K00262,K23976,1
K00262,K00832,3
K00262,K00176,1
K00262,K21480,1
K00262,K03527,1
K00262,K26110,1
K00262,K03594,1
K00262,K02371,1
K00262,K02609,2
K00262,K18277,2
K00262,K00164,3
K00262,K16950,1
K00262,K00426,1
K00052,K18981,1
K00052,K01739,2
K00052,K10747,1
K00052,K16951,4
K00052,K03186,1
K00052,K03465,2
K00052,K00170,3
K00052,K00425,2
K00052,K02610,2
K00052,K23976,2
K00052,K00176,3
K00052,K21480,2
K00052,K03527,2
K00052,K03594,2
K00052,K16950,4
K00052,K02371,12
K00052,K02609,2
K00052,K11533,13
K00052,K18277,2
K00052,K00164,1
K00052,K00382,11
K00052,K00426,2
K00052,K00605,1
K00052,K22769,2
K00052,K04021,1
K00052,K07566,2
K00052,K22270,4
K00052,K04561,2
K00052,K24042,1
K00052,K00169,3
K00052,K03426,3
K00052,K00528,2
K00052,K05895,4
K00052,K03737,3
K00052,K00481,2
K00052,K00627,1
K00052,K00134,1
K00052,K00177,3
K00052,K08351,2
K00052,K14266,2
K00052,K01616,2
K00052,K04748,2
K00052,K15981,2
K00052,K02612,2
K00052,K00384,2
K00052,K00322,1
K06153,K00145,1
K06153,K00691,1
K06153,K03783,11
K06153,K03784,11
K06153,K00147,1
K06153,K16212,1
K06153,K00133,1
K06153,K00789,1
K06153,K00134,1
K06153,K00702,1
K06153,K00763,1
K06153,K01006,1
K06153,K00634,1
K06153,K01595,1
K06153,K01627,1
K06153,K04038,1
K01439,K01739,1
K01439,K10206,1
K01950,K00262,1
K01950,K00164,1
K01950,K01241,1
K01950,K02371,8
K01950,K11533,7
K01950,K00382,10
K01950,K00605,1
K01950,K04021,1
K01950,K03426,1
K01950,K06966,1
K01950,K24042,1
K01950,K00052,2
K01950,K00764,2
K01950,K02502,1
K01950,K00789,1
K01950,K00765,1
K01950,K00627,1
K01950,K00134,1
K01950,K13497,1
K01950,K01616,1
K01950,K18981,1
K01950,K10747,1
K01950,K00322,1
K01950,K00763,1
K01950,K00832,1
K01950,K01915,1
K01426,K05350,13
K01426,K01007,1
K01426,K01439,1
K01426,K00384,1
K01426,K01739,1
K01426,K16951,1
K01426,K01193,6
K01426,K01915,5
K01426,K00926,5
K01426,K01251,1
K01426,K06153,1
K01426,K01236,1
K01426,K02564,1
K01426,K03527,1
K01426,K15524,1
K01426,K00262,1
K01426,K26110,5
K01426,K01184,2
K01426,K08968,1
K01426,K00371,2
K01426,K01424,1
K01426,K14652,1
K01426,K05349,13
K01426,K01241,1
K01426,K01096,1
K01426,K16950,1
K01426,K01749,1
K01426,K01194,1
K01426,K25072,1
K01426,K06920,5
K01426,K01486,1
K01426,K01487,1
K01426,K01095,1
K01426,K03426,3
K01426,K06966,4
K01426,K01657,5
K01426,K19302,1
K01426,K01658,5
K01426,K13503,5
K01426,K02170,1
K01426,K24954,1
K01426,K20934,5
K01426,K00789,1
K01426,K01916,5
K01426,K01771,1
K01426,K00600,1
K01426,K19270,1
K01426,K01950,1
K01426,K13497,5
K01426,K05526,1
K01426,K00370,2
K01426,K12373,10
K01426,K00374,2
K16329,K01241,1
K16329,K16950,1
K16329,K01749,1
K16329,K01194,1
K16329,K25072,1
K16329,K01096,1
K16329,K01486,1
K16329,K01487,1
K16329,K01095,1
K16329,K03426,3
K16329,K06966,4
K16329,K19302,1
K16329,K02170,1
K16329,K24954,1
K16329,K00789,1
K16329,K00600,1
K16329,K01950,1
K16329,K00370,2
K16329,K01771,1
K16329,K19270,1
K16329,K01007,1
K16329,K05526,1
K16329,K01426,5
K16329,K00384,1
K16329,K12373,10
K16329,K00374,2
K16329,K05350,13
K16329,K01193,6
K16329,K01439,1
K16329,K01739,1
K16329,K16951,1
K16329,K06153,1
K16329,K01236,1
K16329,K02564,1
K16329,K01251,1
K16329,K03527,1
K16329,K15524,1
K16329,K00262,1
K16329,K01184,2
K16329,K08968,1
K16329,K00371,2
K16329,K01424,1
K16329,K14652,1
K16329,K05349,13
K10206,K01771,1
K10206,K19270,1
K10206,K01007,1
K10206,K05526,1
K10206,K00370,2
K10206,K00384,1
K10206,K12373,10
K10206,K00374,2
K10206,K05350,13
K10206,K01439,1
K10206,K01426,5
K10206,K01739,1
K10206,K16951,1
K10206,K01236,1
K10206,K02564,1
K10206,K01193,6
K10206,K01915,1
K10206,K01251,1
K10206,K06153,1
K10206,K01184,2
K10206,K00832,1
K10206,K00371,2
K10206,K01424,1
K10206,K03527,1
K10206,K15524,1
K10206,K00262,2
K10206,K08968,1
K10206,K16950,1
K10206,K14652,1
K10206,K05349,13
K10206,K01749,1
K10206,K25072,1
K10206,K01241,1
K10206,K01096,1
K10206,K01194,1
K10206,K01486,1
K10206,K01487,1
K10206,K01095,1
K10206,K19302,1
K10206,K00764,1
K10206,K03426,3
K10206,K06966,4
K10206,K00789,1
K10206,K00600,1
K10206,K02170,1
K10206,K24954,1
K10206,K01950,1
K04042,K00164,1
K04042,K11533,1
K04042,K00382,6
K04042,K00169,1
K04042,K04021,1
K04042,K03737,1
K04042,K00765,1
K04042,K00764,1
K04042,K00627,1
K04042,K01638,1
K04042,K02502,1
K04042,K00789,1
K04042,K01647,1
K04042,K01649,1
K04042,K13497,1
K04042,K01616,1
K04042,K00763,1
K04042,K00170,1
K04042,K01641,1
K15524,K00865,1
K01096,K03784,11
K01096,K00147,1
K01096,K00789,1
K01096,K00134,1
K01096,K00702,1
K01096,K00763,1
K01096,K01006,1
K01096,K00634,1
K01096,K01595,1
K01096,K01627,1
K01096,K04038,1
K01096,K00691,1
K01096,K00145,1
K01096,K16212,1
K01096,K03783,11
K01096,K00133,1
K18277,K01095,1
K18277,K03426,3
K18277,K06966,4
K18277,K00147,1
K18277,K19302,1
K18277,K02170,1
K18277,K00133,1
K18277,K24954,1
K18277,K00789,1
K18277,K00528,1
K18277,K05895,1
K18277,K00600,1
K18277,K01950,1
K18277,K00370,2
K18277,K01771,1
K18277,K00374,2
K18277,K19270,1
K18277,K01007,1
K18277,K05526,1
K18277,K01426,5
K18277,K00384,3
K18277,K12373,10
K18277,K01739,1
K18277,K05350,13
K18277,K01193,6
K18277,K01439,1
K18277,K16951,2
K18277,K06153,1
K18277,K01236,1
K18277,K02564,1
K18277,K01251,1
K18277,K03527,1
K18277,K15524,1
K18277,K00262,2
K18277,K26110,1
K18277,K01184,2
K18277,K08968,1
K18277,K00371,2
K18277,K01424,1
K18277,K14652,1
K18277,K05349,13
K18277,K01241,1
K18277,K16950,2
K18277,K01749,1
K18277,K01194,1
K18277,K11533,7
K18277,K25072,1
K18277,K01096,1
K18277,K00145,1
K18277,K01486,1
K18277,K01487,1
K00940,K01915,1
K00940,K01910,1
K00940,K04038,16
K00940,K14652,1
K00940,K05939,1
K00940,K07566,1
K00940,K00852,17
K00940,K00865,1
K00940,K06920,1
K00940,K09903,1
K00940,K04042,1
K00940,K07029,1
K00940,K06211,3
K00940,K00963,1
K00940,K00789,1
K00940,K01916,1
K00940,K01872,1
K00940,K00853,2
K00940,K19710,18
K00940,K01950,1
K00940,K21147,1
K00940,K01007,1
K00940,K10747,18
K00940,K01918,1
K00940,K00763,16
K00940,K01006,1
K00940,K00926,2
K05349,K06153,1
K05349,K01236,1
K05349,K00371,2
K05349,K03527,1
K05349,K15524,1
K05349,K00262,1
K05349,K01184,2
K05349,K08968,1
K05349,K01424,1
K05349,K14652,1
K05349,K01749,1
K05349,K25072,1
K05349,K01241,1
K05349,K01096,1
K05349,K16950,1
K05349,K01194,1
K05349,K00692,5
K05349,K01486,1
K05349,K01487,1
K05349,K01095,1
K05349,K19302,1
K05349,K03426,3
K05349,K06966,4
K05349,K00789,1
K05349,K00600,1
K05349,K02170,1
K05349,K24954,1
K05349,K01771,1
K05349,K19270,1
K05349,K01950,1
K05349,K00702,1
K05349,K01007,1
K05349,K05526,1
K05349,K00370,2
K05349,K00384,1
K05349,K12373,10
K05349,K00374,2
K05349,K05350,20
K05349,K01439,1
K05349,K01426,5
K05349,K01739,1
K05349,K16951,1
K05349,K02564,1
K05349,K01193,6
K05349,K01251,1
K11533,K02612,20
K11533,K00177,21
K11533,K00370,16
K11533,K01771,8
K11533,K01649,2
K11533,K14266,13
K11533,K19270,8
K11533,K01616,11
K11533,K04748,13
K11533,K15981,13
K11533,K01007,8
K11533,K05526,8
K11533,K18981,1
K11533,K00384,30
K11533,K12373,80
K11533,K00374,16
K11533,K10747,1
K11533,K00322,8
K11533,K05350,104
K11533,K01193,48
K11533,K01439,8
K11533,K01426,40
K11533,K01739,21
K11533,K16951,29
K11533,K03186,8
K11533,K00170,23
K11533,K01236,8
K11533,K00425,13
K11533,K02564,8
K11533,K01641,2
K11533,K23976,13
K11533,K01251,8
K11533,K03527,21
K11533,K03465,20
K11533,K15524,8
K11533,K06153,8
K11533,K00262,9
K11533,K26110,1
K11533,K02610,20
K11533,K01184,16
K11533,K03594,13
K11533,K08968,8
K11533,K00176,21
K11533,K21480,13
K11533,K00371,16
K11533,K01424,8
K11533,K02609,20
K11533,K00164,3
K11533,K01241,8
K11533,K16950,29
K11533,K02371,29
K11533,K14652,8
K11533,K05349,104
K11533,K01749,8
K11533,K01194,8
K11533,K00426,13
K11533,K22769,20
K11533,K25072,8
K11533,K18277,20
K11533,K01096,8
K11533,K07566,13
K11533,K00382,22
K11533,K01486,8
K11533,K05939,9
K11533,K00605,1
K11533,K04021,3
K11533,K22270,20
K11533,K00645,9
K11533,K00145,1
K11533,K03426,32
K11533,K06966,32
K11533,K04561,13
K11533,K24042,1
K11533,K00169,23
K11533,K01487,8
K11533,K01095,8
K11533,K19302,8
K11533,K00052,30
K11533,K01638,2
K11533,K00133,1
K11533,K24954,8
K11533,K00147,1
K11533,K00789,8
K11533,K00528,14
K11533,K05895,21
K11533,K03737,23
K11533,K01647,2
K11533,K00481,20
K11533,K00627,3
K11533,K00600,8
K11533,K08351,20
K11533,K02170,8
K11533,K01950,8
K11533,K00134,1
K00147,K03465,2
K00147,K00170,1
K00147,K00425,1
K00147,K02610,2
K00147,K23976,1
K00147,K00176,1
K00147,K21480,1
K00147,K03527,1
K00147,K03594,1
K00147,K16950,1
K00147,K02371,1
K00147,K02609,2
K00147,K11533,3
K00147,K18277,2
K00147,K00426,1
K00147,K22769,2
K00147,K07566,1
K00147,K22270,1
K00147,K04561,1
K00147,K00169,1
K00147,K00052,1
K00147,K00528,1
K00147,K05895,1
K00147,K03737,1
K00147,K00481,2
K00147,K00177,1
K00147,K08351,2
K00147,K14266,1
K00147,K04748,1
K00147,K15981,1
K00147,K02612,2
K00147,K00384,2
K00147,K00322,1
K00147,K01739,1
K00147,K16951,1
K21147,K13497,1
K21147,K00370,1
K21147,K00374,1
K21147,K00763,1
K21147,K00371,1
K21147,K01241,1
K21147,K25072,1
K21147,K06966,1
K21147,K00765,1
K21147,K00764,1
K21147,K24954,1
K21147,K02502,1
K21147,K00789,1
K00832,K05825,2
K00832,K01616,3
K00832,K01915,3
K00832,K00262,3
K00832,K08968,1
K00832,K00164,3
K00832,K00382,1
K00832,K10206,1
K00832,K00764,3
K01555,K01487,1
K01555,K03426,3
K01555,K06966,4
K01555,K01095,1
K01555,K19302,1
K01555,K24954,1
K01555,K00789,1
K01555,K00600,1
K01555,K02170,1
K01555,K01950,1
K01555,K00370,2
K01555,K01771,1
K01555,K19270,1
K01555,K01007,1
K01555,K05526,1
K01555,K00384,1
K01555,K12373,10
K01555,K00374,2
K01555,K05350,13
K01555,K01193,6
K01555,K01439,1
K01555,K01426,5
K01555,K01739,1
K01555,K16951,1
K01555,K01236,1
K01555,K02564,1
K01555,K01251,1
K01555,K03527,1
K01555,K15524,1
K01555,K06153,1
K01555,K00262,1
K01555,K01184,2
K01555,K08968,1
K01555,K00371,2
K01555,K01424,1
K01555,K14652,1
K01555,K01241,1
K01555,K16950,1
K01555,K05349,13
K01555,K01749,1
K01555,K01194,1
K01555,K25072,1
K01555,K01096,1
K01555,K01486,1
K08351,K00384,3
K08351,K12373,10
K08351,K00374,2
K08351,K05350,13
K08351,K01193,6
K08351,K01439,1
K08351,K01426,5
K08351,K01739,1
K08351,K16951,2
K08351,K01236,1
K08351,K02564,1
K08351,K01251,1
K08351,K15524,1
K08351,K06153,1
K08351,K26110,1
K08351,K01184,2
K08351,K08968,1
K08351,K00371,2
K08351,K01424,1
K08351,K03527,1
K08351,K00262,2
K08351,K01241,1
K08351,K16950,2
K08351,K14652,1
K08351,K05349,13
K08351,K01749,1
K08351,K01194,1
K08351,K11533,7
K08351,K25072,1
K08351,K01096,1
K08351,K00145,1
K08351,K03426,3
K08351,K06966,4
K08351,K01486,1
K08351,K01487,1
K08351,K01095,1
K08351,K19302,1
K08351,K00133,1
K08351,K00147,1
K08351,K00789,1
K08351,K00528,1
K08351,K05895,1
K08351,K00600,1
K08351,K02170,1
K08351,K24954,1
K08351,K01950,1
K08351,K01771,1
K08351,K19270,1
K08351,K01007,1
K08351,K05526,1
K08351,K00370,2
K13503,K01241,1
K13503,K01096,1
K13503,K16950,1
K13503,K01749,1
K13503,K01194,1
K13503,K25072,1
K13503,K00382,2
K13503,K01486,1
K13503,K01487,1
K13503,K01095,1
K13503,K03426,3
K13503,K06966,4
K13503,K19302,1
K13503,K03737,2
K13503,K00764,1
K13503,K00627,2
K13503,K02170,1
K13503,K01714,2
K13503,K24954,1
K13503,K00789,1
K13503,K01771,1
K13503,K00600,1
K13503,K19270,1
K13503,K01950,1
K13503,K05526,1
K13503,K00370,2
K13503,K00384,1
K13503,K12373,10
K13503,K00374,2
K13503,K05350,13
K13503,K01007,3
K13503,K01439,1
K13503,K01426,5
K13503,K01739,1
K13503,K16951,1
K13503,K01006,2
K13503,K01193,6
K13503,K01915,1
K13503,K01251,1
K13503,K06153,1
K13503,K01236,1
K13503,K02564,1
K13503,K00832,1
K13503,K03527,1
K13503,K15524,1
K13503,K00262,2
K13503,K01184,2
K13503,K08968,1
K13503,K00371,2
K13503,K01424,1
K13503,K14652,1
K13503,K05349,13
K03426,K01241,3
K03426,K06966,3
K03426,K06211,2
K03426,K00763,1
K19710,K00145,1
K19710,K00691,1
K19710,K03783,11
K19710,K00133,1
K19710,K03784,11
K19710,K00147,1
K19710,K16212,1
K19710,K00789,1
K19710,K00134,1
K19710,K00702,1
K19710,K00634,1
K19710,K00763,1
K19710,K01006,1
K19710,K01595,1
K19710,K04038,1
K19710,K01627,1
K04748,K00384,1
K04748,K12373,10
K04748,K00374,3
K04748,K05350,13
K04748,K01439,1
K04748,K01426,5
K04748,K01739,1
K04748,K16951,1
K04748,K02564,1
K04748,K01193,6
K04748,K01251,1
K04748,K06153,1
K04748,K01236,1
K04748,K00371,3
K04748,K03527,1
K04748,K15524,1
K04748,K00262,1
K04748,K01184,2
K04748,K08968,1
K04748,K01424,1
K04748,K14652,1
K04748,K05349,13
K04748,K01749,1
K04748,K25072,1
K04748,K01241,1
K04748,K01096,1
K04748,K16950,1
K04748,K01194,1
K04748,K01486,1
K04748,K01487,1
K04748,K01095,1
K04748,K19302,1
K04748,K03426,3
K04748,K06966,4
K04748,K00789,1
K04748,K00600,1
K04748,K02170,1
K04748,K24954,1
K04748,K01771,1
K04748,K19270,1
K04748,K01950,1
K04748,K01007,1
K04748,K05526,1
K04748,K00370,3
K01006,K00763,1
K01006,K01241,1
K01006,K06966,1
K01006,K00764,1
K01006,K02502,1
K01006,K00789,1
K01006,K00765,1
K01006,K13497,1
K03184,K01095,1
K03184,K03426,3
K03184,K06966,4
K03184,K19302,1
K03184,K02170,1
K03184,K24954,2
K03184,K00789,1
K03184,K00600,1
K03184,K01950,1
K03184,K00370,3
K03184,K01771,1
K03184,K00374,3
K03184,K19270,1
K03184,K01007,1
K03184,K05526,1
K03184,K01426,5
K03184,K00384,1
K03184,K12373,10
K03184,K01739,1
K03184,K05350,13
K03184,K01193,6
K03184,K01439,1
K03184,K16951,1
K03184,K06153,1
K03184,K01236,1
K03184,K02564,1
K03184,K01251,1
K03184,K03527,1
K03184,K15524,1
K03184,K00262,1
K03184,K01184,2
K03184,K08968,1
K03184,K00371,3
K03184,K01424,1
K03184,K14652,1
K03184,K05349,13
K03184,K01241,1
K03184,K16950,1
K03184,K01749,1
K03184,K01194,1
K03184,K25072,2
K03184,K01096,1
K03184,K01486,1
K03184,K01487,1
K00176,K01616,4
K00176,K05825,2
K00176,K00170,2
K00176,K01641,1
K00176,K00832,3
K00176,K03527,1
K00176,K04038,1
K00176,K00164,4
K00176,K11533,1
K00176,K00382,7
K00176,K10206,1
K00176,K00169,2
K00176,K04021,1
K00176,K03737,1
K00176,K00627,1
K00176,K01638,1
K00176,K01647,1
K00176,K01649,1
K16212,K00692,1
K16212,K05350,1
K16212,K05349,1
K00926,K01236,1
K00926,K02564,1
K00926,K00371,2
K00926,K03527,1
K00926,K04038,2
K00926,K15524,1
K00926,K00262,1
K00926,K01184,2
K00926,K08968,1
K00926,K01424,1
K00926,K14652,1
K00926,K05349,13
K00926,K01749,1
K00926,K00940,2
K00926,K01241,1
K00926,K01096,1
K00926,K16950,1
K00926,K01194,1
K00926,K25072,1
K00926,K00852,2
K00926,K01486,1
K00926,K01487,1
K00926,K01095,1
K00926,K03426,3
K00926,K06966,4
K00926,K19302,1
K00926,K02170,1
K00926,K24954,1
K00926,K00789,1
K00926,K01771,1
K00926,K00600,1
K00926,K19710,2
K00926,K19270,1
K00926,K01950,1
K00926,K05526,1
K00926,K00370,2
K00926,K00384,1
K00926,K12373,10
K00926,K00374,2
K00926,K05350,13
K00926,K01007,1
K00926,K01439,1
K00926,K01426,5
K00926,K01739,1
K00926,K10747,2
K00926,K16951,1
K00926,K00763,2
K00926,K01193,6
K00926,K01251,1
K00926,K06153,1
K01184,K18981,1
K00853,K00763,2
K00853,K04038,2
K00853,K14652,1
K00853,K00940,2
K00853,K00852,2
K00853,K19710,2
K00853,K10747,2
K00764,K00262,1
K00764,K01241,1
K00764,K08968,1
K00764,K16950,1
K00764,K14652,1
K00764,K05349,13
K00764,K01749,1
K00764,K01194,1
K00764,K25072,1
K00764,K01096,1
K00764,K03426,3
K00764,K01486,1
K00764,K01657,1
K00764,K01487,1
K00764,K01095,1
K00764,K19302,1
K00764,K13503,1
K00764,K06966,4
K00764,K00789,1
K00764,K01658,1
K00764,K00600,1
K00764,K02170,1
K00764,K24954,1
K00764,K01950,2
K00764,K01771,1
K00764,K19270,1
K00764,K13497,1
K00764,K01007,1
K00764,K05526,1
K00764,K00370,2
K00764,K00384,1
K00764,K12373,10
K00764,K00374,2
K00764,K00820,1
K00764,K05350,13
K00764,K01193,6
K00764,K01439,1
K00764,K01426,5
K00764,K01739,1
K00764,K16951,1
K00764,K01236,1
K00764,K02564,1
K00764,K01251,1
K00764,K06153,1
K00764,K01184,2
K00764,K00371,2
K00764,K01424,1
K00764,K03527,1
K00764,K15524,1
K22769,K03426,3
K22769,K06966,4
K22769,K01095,1
K22769,K19302,1
K22769,K00133,1
K22769,K24954,1
K22769,K00147,1
K22769,K00789,1
K22769,K00528,1
K22769,K05895,1
K22769,K00600,1
K22769,K02170,1
K22769,K01950,1
K22769,K00370,2
K22769,K01771,1
K22769,K19270,1
K22769,K01007,1
K22769,K05526,1
K22769,K00384,3
K22769,K12373,10
K22769,K00374,2
K22769,K05350,13
K22769,K01193,6
K22769,K01439,1
K22769,K01426,5
K22769,K01739,1
K22769,K16951,2
K22769,K06153,1
K22769,K01236,1
K22769,K02564,1
K22769,K01251,1
K22769,K03527,1
K22769,K15524,1
K22769,K00262,2
K22769,K26110,1
K22769,K01184,2
K22769,K08968,1
K22769,K00371,2
K22769,K01424,1
K22769,K14652,1
K22769,K01241,1
K22769,K16950,2
K22769,K05349,13
K22769,K01749,1
K22769,K01194,1
K22769,K11533,7
K22769,K25072,1
K22769,K01096,1
K22769,K00145,1
K22769,K01486,1
K22769,K01487,1
K00697,K04038,1
K00697,K00940,2
K00697,K00852,1
K00697,K19710,1
K00697,K10747,1
K00697,K00763,1
K00374,K25072,2
K00374,K18277,1
K00374,K01096,1
K00374,K07566,1
K00374,K01486,1
K00374,K22270,1
K00374,K03426,3
K00374,K06966,4
K00374,K04561,2
K00374,K00169,1
K00374,K01487,1
K00374,K03495,1
K00374,K01095,1
K00374,K19302,1
K00374,K00052,1
K00374,K24954,1
K00374,K00789,1
K00374,K00528,1
K00374,K05895,1
K00374,K03737,1
K00374,K00481,1
K00374,K00600,1
K00374,K08351,1
K00374,K02170,1
K00374,K01950,1
K00374,K21147,1
K00374,K20934,1
K00374,K02612,1
K00374,K00177,1
K00374,K00370,6
K00374,K01771,1
K00374,K14266,1
K00374,K19270,1
K00374,K04748,2
K00374,K15981,1
K00374,K01007,1
K00374,K05526,1
K00374,K00384,2
K00374,K12373,10
K00374,K05350,13
K00374,K03184,1
K00374,K01193,6
K00374,K01439,1
K00374,K01426,5
K00374,K03650,1
K00374,K01739,2
K00374,K16951,2
K00374,K00170,1
K00374,K01236,1
K00374,K00425,1
K00374,K02564,1
K00374,K23976,1
K00374,K01251,1
K00374,K03527,2
K00374,K03465,1
K00374,K15524,1
K00374,K06153,1
K00374,K00262,1
K00374,K02610,1
K00374,K01184,2
K00374,K03594,1
K00374,K08968,1
K00374,K00176,1
K00374,K21480,1
K00374,K00371,6
K00374,K01424,1
K00374,K02609,1
K00374,K01241,1
K00374,K16950,2
K00374,K02371,1
K00374,K14652,1
K00374,K05349,13
K00374,K01749,1
K00374,K01194,1
K00374,K00426,1
K00374,K11533,2
K00374,K22769,1
K01241,K01486,1
K01241,K16329,1
K07029,K04038,1
K07029,K00940,1
K07029,K00852,1
K07029,K19710,1
K07029,K10747,1
K07029,K00763,1
K00382,K01426,1
K00382,K00384,10
K00382,K01739,10
K00382,K00926,1
K00382,K16951,20
K00382,K03465,11
K00382,K03186,7
K00382,K00170,18
K00382,K00425,10
K00382,K02610,10
K00382,K23976,10
K00382,K01915,1
K00382,K21480,10
K00382,K03527,10
K00382,K26110,1
K00382,K03594,10
K00382,K00176,18
K00382,K02609,10
K00382,K18277,10
K00382,K00164,2
K00382,K16950,20
K00382,K02371,20
K00382,K00426,10
K00382,K11533,33
K00382,K22769,10
K00382,K07566,10
K00382,K22270,20
K00382,K00169,18
K00382,K00645,1
K00382,K06920,1
K00382,K03426,10
K00382,K01657,1
K00382,K04561,10
K00382,K04042,1
K00382,K00052,27
K00382,K03737,18
K00382,K01658,1
K00382,K13503,1
K00382,K00627,1
K00382,K00528,10
K00382,K01916,1
K00382,K05895,20
K00382,K00481,10
K00382,K00600,1
K00382,K08351,10
K00382,K14266,10
K00382,K13497,1
K00382,K20934,1
K00382,K04748,10
K00382,K02612,10
K00382,K00177,18
K00382,K01616,10
K00382,K15981,10
K19302,K00702,1
K19302,K00634,1
K19302,K00763,1
K19302,K01006,1
K19302,K01595,1
K19302,K04038,1
K19302,K01627,1
K19302,K00145,1
K19302,K16212,1
K19302,K00691,1
K19302,K03783,11
K19302,K00133,1
K19302,K03784,11
K19302,K00147,1
K19302,K00789,1
K19302,K00134,1
K01486,K01426,1
K01486,K00926,1
K01486,K01915,1
K01486,K26110,1
K01486,K06920,1
K01486,K01657,1
K01486,K13503,1
K01486,K01916,1
K01486,K01658,1
K01486,K20934,1
K01486,K13497,1
K00384,K16951,4
K00384,K03465,4
K00384,K06153,1
K00384,K00170,2
K00384,K01236,1
K00384,K00425,2
K00384,K02564,1
K00384,K02610,4
K00384,K23976,2
K00384,K21480,2
K00384,K01251,1
K00384,K03527,3
K00384,K15524,1
K00384,K00262,2
K00384,K26110,1
K00384,K01184,2
K00384,K03594,2
K00384,K08968,2
K00384,K00176,2
K00384,K00371,2
K00384,K01424,1
K00384,K14652,1
K00384,K05349,13
K00384,K02609,4
K00384,K18277,4
K00384,K01241,1
K00384,K16950,4
K00384,K02371,2
K00384,K01749,1
K00384,K01194,1
K00384,K00426,2
K00384,K11533,13
K00384,K22769,4
K00384,K25072,1
K00384,K01096,1
K00384,K07566,2
K00384,K22270,2
K00384,K00145,1
K00384,K01486,1
K00384,K00169,2
K00384,K01487,1
K00384,K01095,1
K00384,K03426,3
K00384,K06966,4
K00384,K00147,1
K00384,K04561,2
K00384,K19302,1
K00384,K00052,2
K00384,K03737,2
K00384,K02170,1
K00384,K00133,1
K00384,K24954,1
K00384,K00789,1
K00384,K00528,3
K00384,K05895,3
K00384,K00481,4
K00384,K00600,1
K00384,K08351,4
K00384,K14266,2
K00384,K01950,1
K00384,K04748,2
K00384,K02612,4
K00384,K00177,2
K00384,K00370,2
K00384,K01771,1
K00384,K00374,2
K00384,K19270,1
K00384,K15981,2
K00384,K01007,1
K00384,K05526,1
K00384,K01426,5
K00384,K12373,10
K00384,K01739,3
K00384,K00322,2
K00384,K05350,13
K00384,K01193,6
K00384,K01439,1
K02610,K01007,1
K02610,K05526,1
K02610,K00370,2
K02610,K00384,3
K02610,K12373,10
K02610,K00374,2
K02610,K05350,13
K02610,K01439,1
K02610,K01426,5
K02610,K01739,1
K02610,K16951,2
K02610,K02564,1
K02610,K01193,6
K02610,K01251,1
K02610,K06153,1
K02610,K01236,1
K02610,K00371,2
K02610,K03527,1
K02610,K15524,1
K02610,K00262,2
K02610,K26110,1
K02610,K01184,2
K02610,K08968,1
K02610,K01424,1
K02610,K14652,1
K02610,K05349,13
K02610,K01749,1
K02610,K25072,1
K02610,K01241,1
K02610,K01096,1
K02610,K16950,2
K02610,K01194,1
K02610,K11533,7
K02610,K00145,1
K02610,K01486,1
K02610,K01487,1
K02610,K01095,1
K02610,K19302,1
K02610,K00133,1
K02610,K03426,3
K02610,K06966,4
K02610,K00147,1
K02610,K00600,1
K02610,K02170,1
K02610,K24954,1
K02610,K00789,1
K02610,K00528,1
K02610,K05895,1
K02610,K01771,1
K02610,K19270,1
K02610,K01950,1
K00133,K00425,1
K00133,K23976,1
K00133,K21480,1
K00133,K03527,1
K00133,K03465,2
K00133,K02610,2
K00133,K03594,1
K00133,K00176,1
K00133,K02609,2
K00133,K16950,1
K00133,K02371,1
K00133,K00426,1
K00133,K11533,3
K00133,K22769,2
K00133,K18277,2
K00133,K07566,1
K00133,K00169,1
K00133,K22270,1
K00133,K04561,1
K00133,K00052,1
K00133,K03737,1
K00133,K00528,1
K00133,K05895,1
K00133,K00481,2
K00133,K08351,2
K00133,K02612,2
K00133,K00177,1
K00133,K14266,1
K00133,K04748,1
K00133,K15981,1
K00133,K00384,2
K00133,K00322,1
K00133,K01739,1
K00133,K16951,1
K00133,K00170,1
K05939,K00763,1
K05939,K01241,1
K05939,K11533,2
K05939,K00645,1
K05939,K06966,1
K05939,K00764,1
K05939,K02502,1
K05939,K00789,1
K05939,K00765,1
K05939,K13497,1
K05895,K00481,2
K05895,K08351,2
K05895,K14266,1
K05895,K00134,1
K05895,K04748,1
K05895,K02612,2
K05895,K00177,1
K05895,K01616,1
K05895,K15981,1
K05895,K18981,1
K05895,K00384,2
K05895,K01739,1
K05895,K10747,1
K05895,K00322,2
K05895,K16951,1
K05895,K03465,2
K05895,K00170,1
K05895,K00425,1
K05895,K02610,2
K05895,K23976,1
K05895,K21480,1
K05895,K03527,1
K05895,K03594,1
K05895,K00176,1
K05895,K02609,2
K05895,K18277,2
K05895,K00164,1
K05895,K16950,1
K05895,K02371,9
K05895,K00426,1
K05895,K11533,10
K05895,K22769,2
K05895,K07566,1
K05895,K00382,10
K05895,K22270,1
K05895,K00605,1
K05895,K24042,1
K05895,K00169,1
K05895,K04021,1
K05895,K03426,1
K05895,K04561,1
K05895,K00052,3
K05895,K03737,1
K05895,K00627,1
K05895,K00528,1
K12437,K00170,2
K12437,K01641,1
K12437,K00176,1
K12437,K00164,1
K12437,K00382,6
K12437,K05939,1
K12437,K11533,3
K12437,K00645,1
K12437,K00169,2
K12437,K00052,1
K12437,K04021,1
K12437,K01638,1
K12437,K03737,2
K12437,K01647,1
K12437,K00627,1
K12437,K00177,1
K12437,K01649,1
K12437,K01616,2
K12437,K03186,1
K01658,K05350,13
K01658,K01193,6
K01658,K01439,1
K01658,K01426,5
K01658,K01739,1
K01658,K16951,1
K01658,K01236,1
K01658,K02564,1
K01658,K01006,2
K01658,K01915,1
K01658,K01251,1
K01658,K15524,1
K01658,K06153,1
K01658,K01184,2
K01658,K00832,1
K01658,K08968,1
K01658,K00371,2
K01658,K01424,1
K01658,K03527,1
K01658,K00262,2
K01658,K01241,1
K01658,K16950,1
K01658,K14652,1
K01658,K05349,13
K01658,K01749,1
K01658,K01194,1
K01658,K25072,1
K01658,K01096,1
K01658,K00382,2
K01658,K03426,3
K01658,K06966,4
K01658,K01486,1
K01658,K01487,1
K01658,K01095,1
K01658,K19302,1
K01658,K00764,1
K01658,K00789,1
K01658,K03737,2
K01658,K00627,2
K01658,K00600,1
K01658,K02170,1
K01658,K01714,2
K01658,K24954,1
K01658,K01950,1
K01658,K01771,1
K01658,K19270,1
K01658,K01007,3
K01658,K05526,1
K01658,K00370,2
K01658,K00384,1
K01658,K12373,10
K01658,K00374,2
K00627,K01647,1
K00627,K01649,1
K00627,K08351,1
K00627,K14266,1
K00627,K01616,2
K00627,K04748,1
K00627,K02612,1
K00627,K00384,1
K00627,K15981,1
K00627,K01739,1
K00627,K16951,2
K00627,K03465,1
K00627,K03186,1
K00627,K00170,4
K00627,K00425,1
K00627,K02610,1
K00627,K01641,1
K00627,K23976,1
K00627,K00176,2
K00627,K21480,1
K00627,K03527,1
K00627,K03594,1
K00627,K02371,2
K00627,K02609,1
K00627,K18277,1
K00627,K00164,1
K00627,K16950,2
K00627,K00426,1
K00627,K11533,7
K00627,K22769,1
K00627,K07566,1
K00627,K00382,6
K00627,K22270,2
K00627,K00645,1
K00627,K00169,4
K00627,K04042,1
K00627,K00052,3
K00627,K04021,1
K00627,K03426,1
K00627,K04561,1
K00627,K03737,4
K00627,K00481,1
K00627,K01638,1
K00627,K00528,1
K00627,K00177,2
K00627,K05895,2
K01749,K20934,1
K01749,K13497,1
K01749,K01426,1
K01749,K00926,1
K01749,K01915,1
K01749,K26110,1
K01749,K06920,1
K01749,K01657,1
K01749,K01658,1
K01749,K13503,1
K01749,K01916,1
K09903,K04038,1
K09903,K00940,2
K09903,K00852,1
K09903,K19710,1
K09903,K10747,1
K09903,K00763,1
K01193,K05350,1
K01193,K05349,1
K01193,K00697,1
K01193,K00692,1
K02170,K03781,1
K03594,K02170,1
K03594,K24954,1
K03594,K00789,1
K03594,K00600,1
K03594,K01950,1
K03594,K00370,2
K03594,K01771,1
K03594,K19270,1
K03594,K01007,1
K03594,K05526,1
K03594,K01426,5
K03594,K00384,1
K03594,K12373,10
K03594,K00374,2
K03594,K05350,13
K03594,K01193,6
K03594,K01439,1
K03594,K01739,1
K03594,K16951,1
K03594,K06153,1
K03594,K01236,1
K03594,K02564,1
K03594,K01251,1
K03594,K03527,1
K03594,K15524,1
K03594,K00262,1
K03594,K01184,2
K03594,K08968,1
K03594,K00371,2
K03594,K01424,1
K03594,K14652,1
K03594,K05349,13
K03594,K01241,1
K03594,K16950,1
K03594,K01749,1
K03594,K01194,1
K03594,K25072,1
K03594,K01096,1
K03594,K01486,1
K03594,K01487,1
K03594,K01095,1
K03594,K03426,3
K03594,K06966,4
K03594,K19302,1
K03465,K00384,2
K03465,K16951,1
K03465,K00262,1
K03465,K26110,1
K03465,K16950,1
K03465,K11533,7
K03465,K00382,1
K03465,K00145,1
K03465,K00605,2
K03465,K06966,1
K03465,K00147,1
K03465,K00133,1
K03465,K00528,1
K03465,K05895,1
K01595,K03186,1
K01595,K06153,1
K01595,K00170,1
K01595,K01236,1
K01595,K02564,1
K01595,K01251,1
K01595,K03527,1
K01595,K15524,1
K01595,K00262,1
K01595,K01184,2
K01595,K08968,1
K01595,K00176,1
K01595,K00371,2
K01595,K01424,1
K01595,K14652,1
K01595,K05349,13
K01595,K01241,1
K01595,K16950,1
K01595,K01749,1
K01595,K01194,1
K01595,K25072,1
K01595,K01096,1
K01595,K01486,1
K01595,K00169,1
K01595,K01487,1
K01595,K01095,1
K01595,K03426,3
K01595,K06966,4
K01595,K19302,1
K01595,K00052,1
K01595,K03737,1
K01595,K02170,1
K01595,K24954,1
K01595,K00789,1
K01595,K00600,1
K01595,K01950,1
K01595,K00177,1
K01595,K00370,2
K01595,K01771,1
K01595,K00374,2
K01595,K19270,1
K01595,K01616,1
K01595,K01007,1
K01595,K05526,1
K01595,K01426,5
K01595,K00384,1
K01595,K12373,10
K01595,K01739,1
K01595,K05350,13
K01595,K01193,6
K01595,K01439,1
K01595,K16951,1
K01251,K24042,1
K01251,K03783,1
K01251,K03784,1
K20934,K15524,1
K20934,K00262,1
K20934,K01184,2
K20934,K08968,1
K20934,K01424,1
K20934,K14652,1
K20934,K05349,13
K20934,K01749,1
K20934,K25072,1
K20934,K01241,1
K20934,K01096,1
K20934,K16950,1
K20934,K01194,1
K20934,K01486,1
K20934,K01487,1
K20934,K01095,1
K20934,K19302,1
K20934,K03426,3
K20934,K06966,4
K20934,K00789,1
K20934,K00600,1
K20934,K02170,1
K20934,K24954,1
K20934,K01771,1
K20934,K19270,1
K20934,K01950,1
K20934,K01007,1
K20934,K05526,1
K20934,K00370,3
K20934,K00384,1
K20934,K12373,10
K20934,K00374,3
K20934,K05350,13
K20934,K01439,1
K20934,K01426,5
K20934,K01739,1
K20934,K16951,1
K20934,K02564,1
K20934,K01193,6
K20934,K01251,1
K20934,K06153,1
K20934,K01236,1
K20934,K00371,3
K20934,K03527,1
K00371,K04748,2
K00371,K05526,1
K00371,K02612,1
K00371,K00177,1
K00371,K00370,6
K00371,K12373,10
K00371,K00374,6
K00371,K05350,13
K00371,K03184,1
K00371,K15981,1
K00371,K01007,1
K00371,K01439,1
K00371,K01426,5
K00371,K00384,2
K00371,K01739,2
K00371,K16951,2
K00371,K01193,6
K00371,K03650,1
K00371,K03465,1
K00371,K06153,1
K00371,K00170,1
K00371,K01236,1
K00371,K00425,1
K00371,K02564,1
K00371,K02610,1
K00371,K23976,1
K00371,K21480,1
K00371,K01251,1
K00371,K03527,2
K00371,K15524,1
K00371,K00262,1
K00371,K01184,2
K00371,K03594,1
K00371,K08968,1
K00371,K00176,1
K00371,K01424,1
K00371,K14652,1
K00371,K05349,13
K00371,K02609,1
K00371,K18277,1
K00371,K01241,1
K00371,K16950,2
K00371,K02371,1
K00371,K01749,1
K00371,K01194,1
K00371,K00426,1
K00371,K11533,2
K00371,K22769,1
K00371,K25072,2
K00371,K01096,1
K00371,K07566,1
K00371,K22270,1
K00371,K01486,1
K00371,K00169,1
K00371,K01487,1
K00371,K01095,1
K00371,K00052,1
K00371,K03426,3
K00371,K06966,4
K00371,K04561,2
K00371,K03495,1
K00371,K19302,1
K00371,K03737,1
K00371,K02170,1
K00371,K24954,1
K00371,K20934,1
K00371,K00789,1
K00371,K00528,1
K00371,K05895,1
K00371,K01771,1
K00371,K00481,1
K00371,K00600,1
K00371,K08351,1
K00371,K14266,1
K00371,K19270,1
K00371,K01950,1
K00371,K21147,1
K01915,K00134,1
K01915,K13497,1
K01915,K00702,1
K01915,K10747,1
K01915,K00763,2
K01915,K00820,1
K01915,K01006,1
K01915,K00634,1
K01915,K01595,1
K01915,K01627,1
K01915,K04038,2
K01915,K00940,1
K01915,K00852,1
K01915,K00145,1
K01915,K00691,1
K01915,K03783,11
K01915,K01657,1
K01915,K01658,1
K01915,K13503,1
K01915,K16212,1
K01915,K00133,1
K01915,K03784,11
K01915,K00147,1
K01915,K00789,1
K01915,K19710,1
K01915,K01950,1
K00528,K02610,1
K00528,K02609,1
K00528,K18277,1
K00528,K11533,1
K00528,K22769,1
K00528,K00481,1
K00528,K08351,1
K00528,K02612,1
K00528,K00384,1
K00528,K00322,1
K00528,K03465,1
K01872,K00764,1
K01872,K02502,1
K01872,K00789,1
K01872,K00765,1
K01872,K13497,1
K01872,K00763,1
K01872,K01241,1
K01872,K06966,1
K01823,K03527,1
K01649,K11533,3
K01649,K25072,1
K01649,K01241,1
K01649,K01096,1
K01649,K00382,1
K01649,K01194,1
K01649,K00645,1
K01649,K01486,1
K01649,K00169,1
K01649,K04042,1
K01649,K01487,1
K01649,K01095,1
K01649,K19302,1
K01649,K03426,3
K01649,K06966,4
K01649,K00789,1
K01649,K03737,1
K01649,K00627,1
K01649,K00600,1
K01649,K02170,1
K01649,K24954,1
K01649,K01950,1
K01649,K01771,1
K01649,K19270,1
K01649,K01007,1
K01649,K05526,1
K01649,K00370,2
K01649,K00384,1
K01649,K12373,10
K01649,K00374,2
K01649,K05350,13
K01649,K01193,6
K01649,K01439,1
K01649,K01426,5
K01649,K01739,1
K01649,K16951,1
K01649,K00170,1
K01649,K01236,1
K01649,K02564,1
K01649,K01251,1
K01649,K06153,1
K01649,K01184,2
K01649,K00371,2
K01649,K01424,1
K01649,K03527,1
K01649,K15524,1
K01649,K00262,1
K01649,K08968,1
K01649,K16950,1
K01649,K14652,1
K01649,K05349,13
K01649,K01749,1
K00765,K01910,1
K00765,K00940,16
K00765,K05939,1
K00765,K07566,1
K00765,K00852,1
K00765,K06920,1
K00765,K00865,1
K00765,K06211,3
K00765,K09903,1
K00765,K00853,2
K00765,K07029,1
K00765,K21147,1
K00765,K00789,1
K00765,K01916,1
K00765,K01872,1
K00765,K19710,2
K00765,K01950,1
K00765,K01007,1
K00765,K10747,1
K00765,K01918,1
K00765,K01006,1
K00765,K01915,1
K00765,K00926,2
K01916,K00164,1
K01916,K01241,1
K01916,K02371,8
K01916,K11533,7
K01916,K00382,10
K01916,K00605,1
K01916,K24042,1
K01916,K04021,1
K01916,K03426,1
K01916,K06966,1
K01916,K00052,2
K01916,K00764,1
K01916,K02502,1
K01916,K00789,1
K01916,K00765,1
K01916,K00627,1
K01916,K00134,1
K01916,K13497,1
K01916,K01616,1
K01916,K18981,1
K01916,K10747,1
K01916,K00322,1
K01916,K00763,1
K26110,K00052,1
K26110,K03737,1
K26110,K00528,1
K26110,K05895,1
K26110,K00481,2
K26110,K08351,2
K26110,K14266,1
K26110,K04748,1
K26110,K02612,2
K26110,K00177,1
K26110,K15981,1
K26110,K00384,2
K26110,K00322,1
K26110,K01739,1
K26110,K16951,1
K26110,K00170,1
K26110,K00425,1
K26110,K23976,1
K26110,K21480,1
K26110,K03527,1
K26110,K03465,2
K26110,K02610,2
K26110,K03594,1
K26110,K00176,1
K26110,K02609,2
K26110,K16950,1
K26110,K02371,1
K26110,K00426,1
K26110,K11533,3
K26110,K22769,2
K26110,K18277,2
K26110,K07566,1
K26110,K00169,1
K26110,K22270,1
K26110,K04561,1
K00820,K00764,1
K00820,K01915,1
K00820,K02564,1
K00820,K00832,1
K00820,K00262,1
K03495,K00371,3
K03495,K01424,1
K03495,K14652,1
K03495,K01241,1
K03495,K16950,1
K03495,K05349,13
K03495,K01749,1
K03495,K01194,1
K03495,K25072,2
K03495,K01096,1
K03495,K00382,1
K03495,K01486,1
K03495,K00605,2
K03495,K01487,1
K03495,K01095,1
K03495,K03426,3
K03495,K06966,4
K03495,K19302,1
K03495,K24954,2
K03495,K00789,1
K03495,K00600,1
K03495,K02170,1
K03495,K01950,1
K03495,K00370,3
K03495,K01771,1
K03495,K19270,1
K03495,K01007,1
K03495,K05526,1
K03495,K01426,5
K03495,K00384,1
K03495,K12373,10
K03495,K00374,3
K03495,K05350,13
K03495,K01193,6
K03495,K01439,1
K03495,K01739,1
K03495,K16951,1
K03495,K06153,1
K03495,K01236,1
K03495,K02564,1
K03495,K01251,1
K03495,K03527,1
K03495,K15524,1
K03495,K00262,1
K03495,K01184,2
K03495,K08968,1
K01647,K01251,1
K01647,K06153,1
K01647,K01184,2
K01647,K00832,1
K01647,K00371,2
K01647,K01424,1
K01647,K03527,1
K01647,K15524,1
K01647,K00262,1
K01647,K01241,1
K01647,K08968,1
K01647,K16950,1
K01647,K14652,1
K01647,K05349,13
K01647,K01749,1
K01647,K01194,1
K01647,K11533,3
K01647,K25072,1
K01647,K01096,1
K01647,K00645,1
K01647,K01486,1
K01647,K00169,1
K01647,K04042,1
K01647,K01487,1
K01647,K01095,1
K01647,K19302,1
K01647,K03426,3
K01647,K06966,4
K01647,K00789,1
K01647,K03737,1
K01647,K00627,1
K01647,K00600,1
K01647,K02170,1
K01647,K24954,1
K01647,K01950,1
K01647,K01771,1
K01647,K19270,1
K01647,K01007,1
K01647,K05526,1
K01647,K00370,2
K01647,K00384,1
K01647,K12373,10
K01647,K00374,2
K01647,K05350,13
K01647,K01193,6
K01647,K01439,1
K01647,K01426,5
K01647,K01739,1
K01647,K01595,1
K01647,K16951,1
K01647,K00170,1
K01647,K01236,1
K01647,K02564,1
K00169,K00170,5
K00169,K00425,1
K00169,K02610,1
K00169,K01641,1
K00169,K23976,2
K00169,K00176,3
K00169,K21480,2
K00169,K03527,3
K00169,K04038,1
K00169,K03594,1
K00169,K02371,1
K00169,K02609,1
K00169,K18277,1
K00169,K00164,1
K00169,K00382,7
K00169,K16950,1
K00169,K00426,1
K00169,K11533,3
K00169,K22769,1
K00169,K07566,1
K00169,K22270,1
K00169,K00052,2
K00169,K04021,1
K00169,K01638,1
K00169,K04561,1
K00169,K03737,5
K00169,K01647,1
K00169,K00481,1
K00169,K00627,2
K00169,K01714,1
K00169,K00528,1
K00169,K00177,3
K00169,K05895,1
K00169,K01649,1
K00169,K08351,1
K00169,K14266,1
K00169,K01616,2
K00169,K04748,1
K00169,K15981,2
K00169,K01007,1
K00169,K02612,1
K00169,K00384,1
K00169,K01739,1
K00169,K16951,1
K00169,K03186,1
K00169,K01006,1
K00169,K03465,1
K05825,K00627,1
K05825,K00600,1
K05825,K01714,1
K05825,K01007,1
K05825,K01006,1
K05825,K03650,1
K05825,K00832,2
K05825,K01915,2
K05825,K00262,2
K05825,K00382,3
K05825,K00605,1
K05825,K03495,1
K05825,K03737,1
K05825,K00764,2
K00691,K00692,1
K00691,K05350,1
K00691,K05349,1
K01638,K06966,4
K01638,K00789,1
K01638,K03737,1
K01638,K00627,1
K01638,K00600,1
K01638,K02170,1
K01638,K24954,1
K01638,K01771,1
K01638,K19270,1
K01638,K01950,1
K01638,K01007,1
K01638,K05526,1
K01638,K00370,2
K01638,K00384,1
K01638,K12373,10
K01638,K00374,2
K01638,K05825,1
K01638,K05350,13
K01638,K01439,1
K01638,K01426,5
K01638,K01739,1
K01638,K16951,1
K01638,K02564,1
K01638,K01193,6
K01638,K01251,1
K01638,K06153,1
K01638,K00170,1
K01638,K01236,1
K01638,K00371,2
K01638,K03527,1
K01638,K15524,1
K01638,K00262,1
K01638,K01184,2
K01638,K08968,1
K01638,K01424,1
K01638,K14652,1
K01638,K05349,13
K01638,K01749,1
K01638,K25072,1
K01638,K01241,1
K01638,K01096,1
K01638,K16950,1
K01638,K01194,1
K01638,K11533,3
K01638,K00645,1
K01638,K01486,1
K01638,K00169,1
K01638,K04042,1
K01638,K01487,1
K01638,K01095,1
K01638,K19302,1
K01638,K03426,3
K03650,K01241,1
K03650,K16950,1
K03650,K05349,13
K03650,K01749,1
K03650,K01194,1
K03650,K25072,2
K03650,K01096,1
K03650,K00382,1
K03650,K01486,1
K03650,K00605,2
K03650,K01487,1
K03650,K03426,3
K03650,K06966,4
K03650,K01095,1
K03650,K19302,1
K03650,K24954,2
K03650,K00789,1
K03650,K00600,1
K03650,K02170,1
K03650,K01950,1
K03650,K00370,3
K03650,K01771,1
K03650,K19270,1
K03650,K01007,1
K03650,K05526,1
K03650,K00384,1
K03650,K12373,10
K03650,K00374,3
K03650,K05350,13
K03650,K01193,6
K03650,K01439,1
K03650,K01426,5
K03650,K01739,1
K03650,K16951,1
K03650,K01236,1
K03650,K02564,1
K03650,K01251,1
K03650,K03527,1
K03650,K15524,1
K03650,K06153,1
K03650,K00262,1
K03650,K01184,2
K03650,K08968,1
K03650,K00371,3
K03650,K01424,1
K03650,K14652,1
K06211,K02371,8
K06211,K11533,7
K06211,K00940,1
K06211,K00164,1
K06211,K00382,10
K06211,K00605,1
K06211,K04021,1
K06211,K00852,1
K06211,K24042,1
K06211,K00052,2
K06211,K00764,2
K06211,K03426,2
K06211,K02502,2
K06211,K00789,2
K06211,K01916,1
K06211,K00765,2
K06211,K00627,1
K06211,K19710,1
K06211,K01950,1
K06211,K00134,1
K06211,K13497,2
K06211,K01616,1
K06211,K00322,1
K06211,K00763,3
K06211,K18981,1
K06211,K10747,2
K06211,K04038,1
K15981,K24954,1
K15981,K00789,1
K15981,K01771,1
K15981,K00600,1
K15981,K19270,1
K15981,K01950,1
K15981,K05526,1
K15981,K00370,2
K15981,K12373,10
K15981,K00374,2
K15981,K05350,13
K15981,K01007,1
K15981,K01439,1
K15981,K01426,5
K15981,K00384,1
K15981,K01739,1
K15981,K16951,1
K15981,K01193,6
K15981,K01251,1
K15981,K06153,1
K15981,K00170,1
K15981,K01236,1
K15981,K02564,1
K15981,K03527,2
K15981,K04038,1
K15981,K15524,1
K15981,K00262,1
K15981,K01184,2
K15981,K08968,1
K15981,K00371,2
K15981,K01424,1
K15981,K14652,1
K15981,K05349,13
K15981,K01241,1
K15981,K01096,1
K15981,K16950,1
K15981,K01749,1
K15981,K01194,1
K15981,K25072,1
K15981,K01486,1
K15981,K00169,1
K15981,K01487,1
K15981,K01095,1
K15981,K03426,3
K15981,K06966,4
K15981,K19302,1
K15981,K02170,1
K01194,K05350,1
K01194,K05349,1
K01194,K00692,1
K00600,K01771,1
K00600,K19270,1
K00600,K01007,1
K00600,K05526,1
K00600,K00384,1
K00600,K12373,10
K00600,K00374,2
K00600,K05825,1
K00600,K05350,13
K00600,K01193,6
K00600,K01439,1
K00600,K01426,5
K00600,K03650,1
K00600,K01739,1
K00600,K16951,1
K00600,K06153,1
K00600,K01236,1
K00600,K02564,1
K00600,K01251,1
K00600,K03527,1
K00600,K15524,1
K00600,K00262,1
K00600,K01184,2
K00600,K08968,1
K00600,K00371,2
K00600,K01424,1
K00600,K14652,1
K00600,K01241,1
K00600,K16950,1
K00600,K05349,13
K00600,K01749,1
K00600,K01194,1
K00600,K25072,1
K00600,K01096,1
K00600,K00382,2
K00600,K01486,1
K00600,K00605,3
K00600,K01487,1
K00600,K03426,3
K00600,K06966,4
K00600,K03495,1
K00600,K01095,1
K00600,K19302,1
K00600,K24954,1
K00600,K00789,1
K00600,K02170,1
K00600,K01950,1
K00600,K00370,2
K00481,K15524,1
K00481,K00262,2
K00481,K26110,1
K00481,K01184,2
K00481,K08968,1
K00481,K00371,2
K00481,K01424,1
K00481,K14652,1
K00481,K05349,13
K00481,K01241,1
K00481,K01096,1
K00481,K16950,2
K00481,K01749,1
K00481,K01194,1
K00481,K11533,7
K00481,K25072,1
K00481,K00145,1
K00481,K01486,1
K00481,K01487,1
K00481,K01095,1
K00481,K00133,1
K00481,K03426,3
K00481,K06966,4
K00481,K00147,1
K00481,K19302,1
K00481,K02170,1
K00481,K24954,1
K00481,K00789,1
K00481,K00528,1
K00481,K05895,1
K00481,K01771,1
K00481,K00600,1
K00481,K19270,1
K00481,K01950,1
K00481,K05526,1
K00481,K00370,2
K00481,K12373,10
K00481,K00374,2
K00481,K05350,13
K00481,K01007,1
K00481,K01439,1
K00481,K01426,5
K00481,K00384,3
K00481,K01739,1
K00481,K16951,2
K00481,K01193,6
K00481,K06153,1
K00481,K01236,1
K00481,K02564,1
K00481,K01251,1
K00481,K03527,1
K25072,K03426,3
K25072,K06966,4
K25072,K01486,1
K25072,K01487,1
K25072,K03495,1
K25072,K01095,1
K25072,K19302,1
K25072,K00789,1
K25072,K00600,1
K25072,K02170,1
K25072,K24954,2
K25072,K01950,1
K25072,K21147,1
K25072,K01771,1
K25072,K19270,1
K25072,K01007,1
K25072,K05526,1
K25072,K00370,3
K25072,K00384,1
K25072,K12373,10
K25072,K00374,3
K25072,K05350,13
K25072,K03184,1
K25072,K01193,6
K25072,K01439,1
K25072,K01426,5
K25072,K03650,1
K25072,K01739,1
K25072,K16951,1
K25072,K01236,1
K25072,K02564,1
K25072,K01251,1
K25072,K15524,1
K25072,K06153,1
K25072,K01184,2
K25072,K08968,1
K25072,K00371,3
K25072,K01424,1
K25072,K03527,1
K25072,K00262,1
K25072,K01241,1
K25072,K16950,1
K25072,K14652,1
K25072,K05349,13
K25072,K01749,1
K25072,K01194,1
K25072,K01096,1
K00322,K00262,1
K00322,K26110,1
K00322,K16950,2
K00322,K02371,1
K00322,K11533,8
K00322,K22270,1
K00322,K00145,1
K00322,K00052,1
K00322,K00133,1
K00322,K03426,1
K00322,K00147,1
K00322,K00528,1
K00322,K05895,2
K00322,K00384,2
K00322,K16951,2
K01236,K12437,2
K01236,K01194,2
K00145,K00052,1
K00145,K03737,1
K00145,K00528,1
K00145,K05895,1
K00145,K00481,2
K00145,K08351,2
K00145,K14266,1
K00145,K04748,1
K00145,K02612,2
K00145,K00177,1
K00145,K15981,1
K00145,K00384,2
K00145,K00322,1
K00145,K01739,1
K00145,K16951,1
K00145,K00170,1
K00145,K00425,1
K00145,K23976,1
K00145,K21480,1
K00145,K03527,1
K00145,K03465,2
K00145,K02610,2
K00145,K03594,1
K00145,K00176,1
K00145,K02609,2
K00145,K16950,1
K00145,K02371,1
K00145,K00426,1
K00145,K11533,3
K00145,K22769,2
K00145,K18277,2
K00145,K07566,1
K00145,K00169,1
K00145,K22270,1
K00145,K04561,1
K00370,K02610,1
K00370,K01184,2
K00370,K03594,1
K00370,K08968,1
K00370,K00176,1
K00370,K00371,6
K00370,K01424,1
K00370,K14652,1
K00370,K05349,13
K00370,K02609,1
K00370,K01241,1
K00370,K16950,2
K00370,K02371,1
K00370,K01749,1
K00370,K01194,1
K00370,K00426,1
K00370,K11533,2
K00370,K22769,1
K00370,K25072,2
K00370,K18277,1
K00370,K01096,1
K00370,K07566,1
K00370,K01486,1
K00370,K00169,1
K00370,K01487,1
K00370,K01095,1
K00370,K22270,1
K00370,K03426,3
K00370,K06966,4
K00370,K04561,2
K00370,K03495,1
K00370,K19302,1
K00370,K00052,1
K00370,K03737,1
K00370,K02170,1
K00370,K24954,1
K00370,K00789,1
K00370,K00528,1
K00370,K05895,1
K00370,K00481,1
K00370,K00600,1
K00370,K08351,1
K00370,K14266,1
K00370,K01950,1
K00370,K21147,1
K00370,K20934,1
K00370,K04748,2
K00370,K02612,1
K00370,K00177,1
K00370,K01771,1
K00370,K19270,1
K00370,K15981,1
K00370,K01007,1
K00370,K05526,1
K00370,K01426,5
K00370,K00384,2
K00370,K12373,10
K00370,K00374,6
K00370,K05350,13
K00370,K03184,1
K00370,K01193,6
K00370,K01439,1
K00370,K03650,1
K00370,K01739,2
K00370,K16951,2
K00370,K06153,1
K00370,K00170,1
K00370,K01236,1
K00370,K00425,1
K00370,K02564,1
K00370,K23976,1
K00370,K21480,1
K00370,K01251,1
K00370,K03527,2
K00370,K03465,1
K00370,K15524,1
K00370,K00262,1
K01627,K06153,1
K01627,K01236,1
K01627,K02564,1
K01627,K01251,1
K01627,K03527,1
K01627,K15524,1
K01627,K00262,1
K01627,K01184,2
K01627,K08968,1
K01627,K00371,2
K01627,K01424,1
K01627,K14652,1
K01627,K05349,13
K01627,K01241,1
K01627,K01096,1
K01627,K16950,1
K01627,K01749,1
K01627,K01194,1
K01627,K25072,1
K01627,K01486,1
K01627,K01487,1
K01627,K01095,1
K01627,K03426,3
K01627,K06966,4
K01627,K19302,1
K01627,K02170,1
K01627,K24954,1
K01627,K00789,1
K01627,K01771,1
K01627,K00600,1
K01627,K19270,1
K01627,K01950,1
K01627,K05526,1
K01627,K00370,2
K01627,K12373,10
K01627,K00374,2
K01627,K05350,13
K01627,K01007,1
K01627,K01439,1
K01627,K01426,5
K01627,K00384,1
K01627,K01739,1
K01627,K16951,1
K01627,K01193,6
K00425,K01193,6
K00425,K01439,1
K00425,K01426,5
K00425,K01739,2
K00425,K16951,2
K00425,K06153,1
K00425,K00170,1
K00425,K01236,1
K00425,K02564,1
K00425,K23976,1
K00425,K21480,1
K00425,K01251,1
K00425,K03527,2
K00425,K03465,1
K00425,K15524,1
K00425,K00262,1
K00425,K02610,1
K00425,K01184,2
K00425,K03594,1
K00425,K08968,1
K00425,K00176,1
K00425,K00371,2
K00425,K01424,1
K00425,K14652,1
K00425,K02609,1
K00425,K01241,1
K00425,K16950,2
K00425,K02371,1
K00425,K05349,13
K00425,K01749,1
K00425,K01194,1
K00425,K00426,1
K00425,K11533,2
K00425,K22769,1
K00425,K25072,1
K00425,K18277,1
K00425,K01096,1
K00425,K07566,1
K00425,K01486,1
K00425,K00169,1
K00425,K01487,1
K00425,K22270,1
K00425,K03426,3
K00425,K06966,4
K00425,K04561,1
K00425,K01095,1
K00425,K19302,1
K00425,K00052,1
K00425,K03737,1
K00425,K24954,1
K00425,K00789,1
K00425,K00528,1
K00425,K05895,1
K00425,K00481,1
K00425,K00600,1
K00425,K08351,1
K00425,K02170,1
K00425,K01950,1
K00425,K02612,1
K00425,K00177,1
K00425,K00370,2
K00425,K01771,1
K00425,K14266,1
K00425,K19270,1
K00425,K04748,1
K00425,K15981,1
K00425,K01007,1
K00425,K05526,1
K00425,K00384,2
K00425,K12373,10
K00425,K00374,2
K00425,K05350,13
K00164,K02371,2
K00164,K00426,1
K00164,K11533,3
K00164,K22769,1
K00164,K07566,1
K00164,K22270,2
K00164,K00169,4
K00164,K03426,1
K00164,K04561,1
K00164,K00052,5
K00164,K03737,4
K00164,K00528,1
K00164,K05895,2
K00164,K00481,1
K00164,K08351,1
K00164,K14266,1
K00164,K04748,1
K00164,K02612,1
K00164,K00177,5
K00164,K01616,6
K00164,K15981,1
K00164,K00384,1
K00164,K01739,1
K00164,K16951,2
K00164,K03465,1
K00164,K03186,3
K00164,K00170,4
K00164,K00425,1
K00164,K02610,1
K00164,K23976,1
K00164,K21480,1
K00164,K03527,1
K00164,K03594,1
K00164,K00176,5
K00164,K02609,1
K00164,K18277,1
K00164,K16950,2
K01487,K26110,1
K01487,K06920,1
K01487,K01657,1
K01487,K01658,1
K01487,K13503,1
K01487,K01916,1
K01487,K13497,1
K01487,K20934,1
K01487,K01426,1
K01487,K00926,1
K01487,K01915,1
K00692,K01193,2
K01657,K19270,1
K01657,K01007,3
K01657,K05526,1
K01657,K00370,2
K01657,K00384,1
K01657,K12373,10
K01657,K00374,2
K01657,K05350,13
K01657,K01006,2
K01657,K01193,6
K01657,K01439,1
K01657,K01426,5
K01657,K01739,1
K01657,K16951,1
K01657,K01236,1
K01657,K02564,1
K01657,K01915,1
K01657,K01251,1
K01657,K15524,1
K01657,K06153,1
K01657,K00262,2
K01657,K01184,2
K01657,K00832,1
K01657,K08968,1
K01657,K00371,2
K01657,K01424,1
K01657,K03527,1
K01657,K01241,1
K01657,K16950,1
K01657,K14652,1
K01657,K05349,13
K01657,K01749,1
K01657,K01194,1
K01657,K25072,1
K01657,K01096,1
K01657,K00382,2
K01657,K03426,3
K01657,K06966,4
K01657,K01486,1
K01657,K01487,1
K01657,K01095,1
K01657,K19302,1
K01657,K00764,1
K01657,K00789,1
K01657,K03737,2
K01657,K00627,2
K01657,K00600,1
K01657,K02170,1
K01657,K01714,2
K01657,K24954,1
K01657,K01950,1
K01657,K01771,1
K00426,K01241,1
K00426,K16950,2
K00426,K02371,1
K00426,K05349,13
K00426,K01749,1
K00426,K01194,1
K00426,K11533,2
K00426,K22769,1
K00426,K25072,1
K00426,K18277,1
K00426,K01096,1
K00426,K07566,1
K00426,K01486,1
K00426,K00169,1
K00426,K01487,1
K00426,K22270,1
K00426,K03426,3
K00426,K06966,4
K00426,K04561,1
K00426,K01095,1
K00426,K19302,1
K00426,K00052,1
K00426,K03737,1
K00426,K24954,1
K00426,K00789,1
K00426,K00528,1
K00426,K05895,1
K00426,K00481,1
K00426,K00600,1
K00426,K08351,1
K00426,K02170,1
K00426,K01950,1
K00426,K02612,1
K00426,K00177,1
K00426,K00370,2
K00426,K01771,1
K00426,K14266,1
K00426,K19270,1
K00426,K04748,1
K00426,K15981,1
K00426,K01007,1
K00426,K05526,1
K00426,K00384,2
K00426,K12373,10
K00426,K00374,2
K00426,K05350,13
K00426,K01193,6
K00426,K01439,1
K00426,K01426,5
K00426,K01739,2
K00426,K16951,2
K00426,K06153,1
K00426,K00170,1
K00426,K01236,1
K00426,K00425,1
K00426,K02564,1
K00426,K23976,1
K00426,K01251,1
K00426,K03527,2
K00426,K03465,1
K00426,K15524,1
K00426,K00262,1
K00426,K02610,1
K00426,K01184,2
K00426,K03594,1
K00426,K08968,1
K00426,K00176,1
K00426,K21480,1
K00426,K00371,2
K00426,K01424,1
K00426,K14652,1
K00426,K02609,1
K14652,K04038,1
K14652,K01627,1
K14652,K00145,1
K14652,K00691,1
K14652,K03783,11
K14652,K00133,1
K14652,K03784,11
K14652,K00147,1
K14652,K16212,1
K14652,K00789,1
K14652,K00134,1
K14652,K00702,1
K14652,K00634,1
K14652,K00763,1
K14652,K01006,1
K14652,K01595,1
K07566,K01236,1
K07566,K02564,1
K07566,K01193,6
K07566,K01251,1
K07566,K06153,1
K07566,K01184,2
K07566,K00371,2
K07566,K03527,1
K07566,K15524,1
K07566,K00262,1
K07566,K08968,1
K07566,K16950,1
K07566,K01424,1
K07566,K14652,1
K07566,K05349,13
K07566,K01749,1
K07566,K25072,1
K07566,K01241,1
K07566,K01096,1
K07566,K01194,1
K07566,K01486,1
K07566,K01487,1
K07566,K01095,1
K07566,K19302,1
K07566,K00764,1
K07566,K03426,3
K07566,K06966,4
K07566,K02502,1
K07566,K00789,2
K07566,K00765,1
K07566,K00600,1
K07566,K02170,1
K07566,K24954,1
K07566,K01950,1
K07566,K01771,1
K07566,K19270,1
K07566,K13497,1
K07566,K01007,1
K07566,K05526,1
K07566,K00370,2
K07566,K00384,1
K07566,K12373,10
K07566,K00374,2
K07566,K00763,1
K07566,K05350,13
K07566,K01439,1
K07566,K01426,5
K07566,K01739,1
K07566,K16951,1
K00789,K00926,2
K00789,K01251,1
K00789,K01595,1
K00789,K06153,1
K00789,K01236,1
K00789,K02564,1
K00789,K01910,1
K00789,K03527,1
K00789,K04038,1
K00789,K15524,1
K00789,K00262,1
K00789,K01184,2
K00789,K08968,2
K00789,K00371,2
K00789,K01424,1
K00789,K14652,1
K00789,K01627,1
K00789,K05349,13
K00789,K00940,16
K00789,K01241,1
K00789,K01096,1
K00789,K16950,1
K00789,K01749,1
K00789,K01194,1
K00789,K05939,1
K00789,K25072,1
K00789,K07566,1
K00789,K00852,1
K00789,K06920,1
K00789,K00145,1
K00789,K01486,1
K00789,K01487,1
K00789,K01095,1
K00789,K00865,1
K00789,K00691,1
K00789,K03783,11
K00789,K00133,1
K00789,K03426,3
K00789,K06966,4
K00789,K03784,11
K00789,K00147,1
K00789,K09903,1
K00789,K19302,1
K00789,K00853,2
K00789,K00765,1
K00789,K00764,1
K00789,K16212,1
K00789,K07029,1
K00789,K02170,1
K00789,K06211,3
K00789,K24954,1
K00789,K02502,1
K00789,K01916,1
K00789,K01872,1
K00789,K01771,1
K00789,K00600,1
K00789,K19710,2
K00789,K19270,1
K00789,K01950,2
K00789,K00134,1
K00789,K21147,1
K00789,K13497,1
K00789,K05526,1
K00789,K00370,2
K00789,K12373,10
K00789,K00374,2
K00789,K00702,1
K00789,K05350,13
K00789,K01007,2
K00789,K01439,1
K00789,K01426,5
K00789,K00384,1
K00789,K01739,1
K00789,K01918,1
K00789,K10747,1
K00789,K00634,1
K00789,K16951,1
K00789,K00763,2
K00789,K01006,2
K00789,K01193,6
K00789,K01915,1
K00865,K00852,1
K00865,K19710,1
K00865,K10747,1
K00865,K00763,1
K00865,K04038,1
K00865,K00940,1
K02609,K03527,1
K02609,K15524,1
K02609,K00262,2
K02609,K26110,1
K02609,K01184,2
K02609,K08968,1
K02609,K01424,1
K02609,K14652,1
K02609,K05349,13
K02609,K01749,1
K02609,K25072,1
K02609,K01241,1
K02609,K01096,1
K02609,K16950,2
K02609,K01194,1
K02609,K11533,7
K02609,K00145,1
K02609,K01486,1
K02609,K01487,1
K02609,K01095,1
K02609,K19302,1
K02609,K00133,1
K02609,K03426,3
K02609,K06966,4
K02609,K00147,1
K02609,K00789,1
K02609,K00600,1
K02609,K02170,1
K02609,K24954,1
K02609,K00528,1
K02609,K05895,1
K02609,K01771,1
K02609,K19270,1
K02609,K01950,1
K02609,K01007,1
K02609,K05526,1
K02609,K00370,2
K02609,K00384,3
K02609,K12373,10
K02609,K00374,2
K02609,K05350,13
K02609,K01439,1
K02609,K01426,5
K02609,K01739,1
K02609,K16951,2
K02609,K02564,1
K02609,K01193,6
K02609,K01251,1
K02609,K06153,1
K02609,K01236,1
K02609,K00371,2
K24954,K25072,1
K24954,K00382,1
K24954,K03495,1
K24954,K03737,1
K24954,K00627,1
K24954,K01714,1
K24954,K21147,1
K24954,K01007,1
K24954,K03184,1
K24954,K03650,1
K24954,K01006,1
K02564,K06920,1
K02564,K01657,1
K02564,K13503,1
K02564,K01658,1
K02564,K20934,1
K02564,K01916,1
K02564,K13497,1
K02564,K01426,1
K02564,K00820,1
K02564,K01915,1
K02564,K00926,1
K02564,K26110,1
