KO_producer,metabolite,producer_rxn,KO_consumer,consumer_rxn
K00012,C00004,R00286,K00342,R11945
K00012,C00004,R00286,K03809,R02964
K00012,C00080,R00286,K00342,R11945
K00012,C00080,R00286,K01611,R00178
K00012,C00080,R00286,K03465,R06613
K00012,C00080,R00286,K03737,R01196
K00012,C00080,R00286,K03809,R02964
K00012,C00080,R00286,K06441,R00019
K00012,C00080,R00286,K10680,R08014
K00024,C00036,R00342,K01596,R00431
K00024,C00036,R00342,K01610,R00341
K00024,C00004,R00342,K00342,R11945
K00024,C00004,R00342,K03809,R02964
K00024,C00080,R00342,K00342,R11945
K00024,C00080,R00342,K01611,R00178
K00024,C00080,R00342,K03465,R06613
K00024,C00080,R00342,K03737,R01196
K00024,C00080,R00342,K03809,R02964
K00024,C00080,R00342,K06441,R00019
K00024,C00080,R00342,K10680,R08014
K00031,C00026,R00267,K00831,R04173
K00031,C00026,R00267,K13010,R10460
K00031,C00011,R00267,K00767,R03348
K00031,C00011,R00267,K03737,R01196
K00031,C00005,R00267,K03465,R06613
K00031,C00005,R00267,K10680,R08014
K00031,C00080,R00267,K00342,R11945
K00031,C00080,R00267,K01611,R00178
K00031,C00080,R00267,K03465,R06613
K00031,C00080,R00267,K03737,R01196
K00031,C00080,R00267,K03809,R02964
K00031,C00080,R00267,K06441,R00019
K00031,C00080,R00267,K10680,R08014
K00036,C00005,R00835,K03465,R06613
K00036,C00005,R00835,K10680,R08014
K00036,C00080,R00835,K00342,R11945
K00036,C00080,R00835,K01611,R00178
K00036,C00080,R00835,K03465,R06613
K00036,C00080,R00835,K03737,R01196
K00036,C00080,R00835,K03809,R02964
K00036,C00080,R00835,K06441,R00019
K00036,C00080,R00835,K10680,R08014
K00066,C00004,R00880,K00342,R11945
K00066,C00004,R00880,K03809,R02964
K00066,C00080,R00880,K00342,R11945
K00066,C00080,R00880,K01611,R00178
K00066,C00080,R00880,K03465,R06613
K00066,C00080,R00880,K03737,R01196
K00066,C00080,R00880,K03809,R02964
K00066,C00080,R00880,K06441,R00019
K00066,C00080,R00880,K10680,R08014
K00067,C00005,R02777,K03465,R06613
K00067,C00005,R02777,K10680,R08014
K00067,C00080,R02777,K00342,R11945
K00067,C00080,R02777,K01611,R00178
K00067,C00080,R02777,K03465,R06613
K00067,C00080,R02777,K03737,R01196
K00067,C00080,R02777,K03809,R02964
K00067,C00080,R02777,K06441,R00019
K00067,C00080,R02777,K10680,R08014
K00116,C00036,R00360,K01596,R00431
K00116,C00036,R00360,K01610,R00341
K00116,C00027,R00360,K03781,R00009
K00138,C00033,R00711,K01895,R00235
K00138,C00005,R00711,K03465,R06613
K00138,C00005,R00711,K10680,R08014
K00138,C00080,R00711,K00342,R11945
K00138,C00080,R00711,K01611,R00178
K00138,C00080,R00711,K03465,R06613
K00138,C00080,R00711,K03737,R01196
K00138,C00080,R00711,K03809,R02964
K00138,C00080,R00711,K06441,R00019
K00138,C00080,R00711,K10680,R08014
K00145,C00005,R03443,K03465,R06613
K00145,C00005,R03443,K10680,R08014
K00145,C00080,R03443,K00342,R11945
K00145,C00080,R03443,K01611,R00178
K00145,C00080,R03443,K03465,R06613
K00145,C00080,R03443,K03737,R01196
K00145,C00080,R03443,K03809,R02964
K00145,C00080,R03443,K06441,R00019
K00145,C00080,R03443,K10680,R08014
K00147,C00005,R03313,K03465,R06613
K00147,C00005,R03313,K10680,R08014
K00147,C00080,R03313,K00342,R11945
K00147,C00080,R03313,K01611,R00178
K00147,C00080,R03313,K03465,R06613
K00147,C00080,R03313,K03737,R01196
K00147,C00080,R03313,K03809,R02964
K00147,C00080,R03313,K06441,R00019
K00147,C00080,R03313,K10680,R08014
K00200,C00138,R03015,K03737,R01196
K00200,C00138,R03015,K06441,R00019
K00200,C00011,R03015,K00767,R03348
K00200,C00011,R03015,K03737,R01196
K00200,C00080,R03015,K00342,R11945
K00200,C00080,R03015,K01611,R00178
K00200,C00080,R03015,K03465,R06613
K00200,C00080,R03015,K03737,R01196
K00200,C00080,R03015,K03809,R02964
K00200,C00080,R03015,K06441,R00019
K00200,C00080,R03015,K10680,R08014
K00265,C00064,R00114,K01950,R00257
K00265,C00064,R00114,K01952,R04463
K00265,C00064,R00114,K01953,R00578
K00265,C00064,R00114,K01955,R00256
K00265,C00026,R00114,K00831,R04173
K00265,C00026,R00114,K13010,R10460
K00265,C00005,R00114,K03465,R06613
K00265,C00005,R00114,K10680,R08014
K00265,C00080,R00114,K00342,R11945
K00265,C00080,R00114,K01611,R00178
K00265,C00080,R00114,K03465,R06613
K00265,C00080,R00114,K03737,R01196
K00265,C00080,R00114,K03809,R02964
K00265,C00080,R00114,K06441,R00019
K00265,C00080,R00114,K10680,R08014
K00266,C00064,R00114,K01950,R00257
K00266,C00064,R00114,K01952,R04463
K00266,C00064,R00114,K01953,R00578
K00266,C00064,R00114,K01955,R00256
K00266,C00026,R00114,K00831,R04173
K00266,C00026,R00114,K13010,R10460
K00266,C00005,R00114,K03465,R06613
K00266,C00005,R00114,K10680,R08014
K00266,C00080,R00114,K00342,R11945
K00266,C00080,R00114,K01611,R00178
K00266,C00080,R00114,K03465,R06613
K00266,C00080,R00114,K03737,R01196
K00266,C00080,R00114,K03809,R02964
K00266,C00080,R00114,K06441,R00019
K00266,C00080,R00114,K10680,R08014
K00284,C00064,R00021,K01950,R00257
K00284,C00064,R00021,K01952,R04463
K00284,C00064,R00021,K01953,R00578
K00284,C00064,R00021,K01955,R00256
K00284,C00026,R00021,K00831,R04173
K00284,C00026,R00021,K13010,R10460
K00284,C00138,R00021,K03737,R01196
K00284,C00138,R00021,K06441,R00019
K00284,C00080,R00021,K00342,R11945
K00284,C00080,R00021,K01611,R00178
K00284,C00080,R00021,K03465,R06613
K00284,C00080,R00021,K03737,R01196
K00284,C00080,R00021,K03809,R02964
K00284,C00080,R00021,K06441,R00019
K00284,C00080,R00021,K10680,R08014
K00342,C00003,R11945,K00012,R00286
K00342,C00003,R11945,K00024,R00342
K00342,C00003,R11945,K00066,R00880
K00342,C00003,R11945,K02823,R01869
K00342,C00003,R11945,K03426,R00103
K00342,C00080,R11945,K01611,R00178
K00342,C00080,R11945,K03465,R06613
K00342,C00080,R11945,K03737,R01196
K00342,C00080,R11945,K03809,R02964
K00342,C00080,R11945,K06441,R00019
K00342,C00080,R11945,K10680,R08014
K00381,C00005,R00858,K03465,R06613
K00381,C00005,R00858,K10680,R08014
K00381,C00080,R00858,K00342,R11945
K00381,C00080,R00858,K01611,R00178
K00381,C00080,R00858,K03465,R06613
K00381,C00080,R00858,K03737,R01196
K00381,C00080,R00858,K03809,R02964
K00381,C00080,R00858,K06441,R00019
K00381,C00080,R00858,K10680,R08014
K00600,C00065,R00945,K02363,R07644
K00609,C00009,R01397,K00145,R03443
K00609,C00009,R01397,K00147,R03313
K00609,C00009,R01397,K00688,R02111
K00609,C00009,R01397,K00705,R02111
K00609,C00009,R01397,K00789,R00177
K00673,C00010,R00832,K01895,R00235
K00673,C00010,R00832,K01897,R00390
K00688,C00718,R02111,K00700,R02110
K00688,C00103,R02111,K16148,R11530
K00700,C00369,R02110,K00688,R02111
K00700,C00369,R02110,K00705,R02111
K00705,C00718,R02111,K00700,R02110
K00705,C00103,R02111,K16148,R11530
K00721,C03862,R01009,K00728,R04072
K00728,C00110,R04072,K00721,R01009
K00789,C00002,R00177,K00847,R00760
K00789,C00002,R00177,K00873,R00200
K00789,C00002,R00177,K00882,R02071
K00789,C00002,R00177,K00891,R02412
K00789,C00002,R00177,K00899,R04143
K00789,C00002,R00177,K00912,R04657
K00789,C00002,R00177,K00927,R01512
K00789,C00002,R00177,K00948,R01049
K00789,C00002,R00177,K01007,R00199
K00789,C00002,R00177,K01460,R01917
K00789,C00002,R00177,K01610,R00341
K00789,C00002,R00177,K01867,R03664
K00789,C00002,R00177,K01869,R03657
K00789,C00002,R00177,K01870,R03656
K00789,C00002,R00177,K01872,R03038
K00789,C00002,R00177,K01876,R05577
K00789,C00002,R00177,K01881,R03661
K00789,C00002,R00177,K01890,R03660
K00789,C00002,R00177,K01893,R03648
K00789,C00002,R00177,K01895,R00235
K00789,C00002,R00177,K01897,R00390
K00789,C00002,R00177,K01923,R04591
K00789,C00002,R00177,K01925,R02783
K00789,C00002,R00177,K01940,R01954
K00789,C00002,R00177,K01950,R00257
K00789,C00002,R00177,K01951,R01230
K00789,C00002,R00177,K01952,R04463
K00789,C00002,R00177,K01953,R00578
K00789,C00002,R00177,K01961,R00742
K00789,C00002,R00177,K01965,R01859
K00789,C00002,R00177,K02363,R07644
K00789,C00002,R00177,K04765,R00087
K00789,C00002,R00177,K07102,R08968
K00789,C00002,R00177,K11263,R00742
K00789,C00002,R00177,K21029,R07459
K00789,C00002,R00177,K23393,R05030
K00789,C00001,R00177,K00012,R00286
K00789,C00001,R00177,K00066,R00880
K00789,C00001,R00177,K00138,R00711
K00789,C00001,R00177,K00200,R03015
K00789,C00001,R00177,K00381,R00858
K00789,C00001,R00177,K00600,R00945
K00789,C00001,R00177,K01007,R00199
K00789,C00001,R00177,K01060,R03062
K00789,C00001,R00177,K01077,R02135
K00789,C00001,R00177,K01081,R00183
K00789,C00001,R00177,K01119,R01562
K00789,C00001,R00177,K01129,R01856
K00789,C00001,R00177,K01139,R00336
K00789,C00001,R00177,K01179,R06200
K00789,C00001,R00177,K01222,R00839
K00789,C00001,R00177,K01241,R00182
K00789,C00001,R00177,K01256,R00899
K00789,C00001,R00177,K01430,R00131
K00789,C00001,R00177,K01448,R04112
K00789,C00001,R00177,K01950,R00257
K00789,C00001,R00177,K01952,R04463
K00789,C00001,R00177,K01953,R00578
K00789,C00001,R00177,K01955,R00256
K00789,C00001,R00177,K02549,R04031
K00789,C00001,R00177,K02564,R00765
K00789,C00001,R00177,K03269,R04549
K00789,C00001,R00177,K03426,R00103
K00789,C00001,R00177,K03520,R11168
K00789,C00001,R00177,K04041,R00762
K00789,C00001,R00177,K04765,R00087
K00789,C00001,R00177,K05349,R00026
K00789,C00001,R00177,K06949,R00615
K00789,C00001,R00177,K07407,R01101
K00789,C00001,R00177,K08966,R07394
K00789,C00001,R00177,K11991,R10223
K00789,C00001,R00177,K12111,R01678
K00789,C00001,R00177,K12373,R00022
K00789,C00001,R00177,K13381,R01206
K00789,C00001,R00177,K16165,R01085
K00789,C00001,R00177,K22927,R12345
K00789,C00001,R00177,K23518,R12390
K00789,C00001,R00177,K27502,R13291
K00831,C00025,R04173,K00265,R00114
K00831,C00025,R04173,K00266,R00114
K00831,C00025,R04173,K00284,R00021
K00831,C00025,R04173,K00836,R06977
K00836,C00026,R06977,K00831,R04173
K00836,C00026,R06977,K13010,R10460
K00847,C00085,R00760,K00615,R01067
K00873,C00074,R00200,K05878,R01012
K00912,C04919,R04657,K02527,R04658
K00948,C00020,R01049,K01081,R00183
K00948,C00020,R01049,K01241,R00182
K00971,C00013,R00885,K00767,R03348
K00971,C00013,R00885,K00789,R00177
K00971,C00096,R00885,K00066,R00880
K00971,C00096,R00885,K00721,R01009
K01007,C00020,R00199,K01081,R00183
K01007,C00020,R00199,K01241,R00182
K01007,C00074,R00199,K05878,R01012
K01007,C00009,R00199,K00145,R03443
K01007,C00009,R00199,K00147,R03313
K01007,C00009,R00199,K00688,R02111
K01007,C00009,R00199,K00705,R02111
K01007,C00009,R00199,K00789,R00177
K01060,C00033,R03062,K01895,R00235
K01077,C00009,R02135,K00145,R03443
K01077,C00009,R02135,K00147,R03313
K01077,C00009,R02135,K00688,R02111
K01077,C00009,R02135,K00705,R02111
K01077,C00009,R02135,K00789,R00177
K01081,C00009,R00183,K00145,R03443
K01081,C00009,R00183,K00147,R03313
K01081,C00009,R00183,K00688,R02111
K01081,C00009,R00183,K00705,R02111
K01081,C00009,R00183,K00789,R00177
K01119,C00009,R01562,K00145,R03443
K01119,C00009,R01562,K00147,R03313
K01119,C00009,R01562,K00688,R02111
K01119,C00009,R01562,K00705,R02111
K01119,C00009,R01562,K00789,R00177
K01139,C00013,R00336,K00767,R03348
K01139,C00013,R00336,K00789,R00177
K01222,C00092,R00839,K00036,R00835
K01222,C00092,R00839,K01810,R00771
K01241,C00117,R00182,K00948,R01049
K01256,C00037,R00899,K00600,R00945
K01430,C00011,R00131,K00767,R03348
K01430,C00011,R00131,K03737,R01196
K01430,C00014,R00131,K01951,R01230
K01430,C00014,R00131,K20934,R09799
K01430,C00014,R00131,K23393,R05030
K01448,C00041,R04112,K01872,R03038
K01460,C00009,R01917,K00145,R03443
K01460,C00009,R01917,K00147,R03313
K01460,C00009,R01917,K00688,R02111
K01460,C00009,R01917,K00705,R02111
K01460,C00009,R01917,K00789,R00177
K01596,C00074,R00431,K05878,R01012
K01596,C00011,R00431,K00767,R03348
K01596,C00011,R00431,K03737,R01196
K01610,C00074,R00341,K05878,R01012
K01610,C00011,R00341,K00767,R03348
K01610,C00011,R00341,K03737,R01196
K01611,C00011,R00178,K00767,R03348
K01611,C00011,R00178,K03737,R01196
K01612,C00011,R01238,K00767,R03348
K01612,C00011,R01238,K03737,R01196
K01676,C00001,R01082,K00012,R00286
K01676,C00001,R01082,K00066,R00880
K01676,C00001,R01082,K00138,R00711
K01676,C00001,R01082,K00200,R03015
K01676,C00001,R01082,K00381,R00858
K01676,C00001,R01082,K00600,R00945
K01676,C00001,R01082,K01007,R00199
K01676,C00001,R01082,K01060,R03062
K01676,C00001,R01082,K01077,R02135
K01676,C00001,R01082,K01081,R00183
K01676,C00001,R01082,K01119,R01562
K01676,C00001,R01082,K01129,R01856
K01676,C00001,R01082,K01139,R00336
K01676,C00001,R01082,K01179,R06200
K01676,C00001,R01082,K01222,R00839
K01676,C00001,R01082,K01241,R00182
K01676,C00001,R01082,K01256,R00899
K01676,C00001,R01082,K01430,R00131
K01676,C00001,R01082,K01448,R04112
K01676,C00001,R01082,K01950,R00257
K01676,C00001,R01082,K01952,R04463
K01676,C00001,R01082,K01953,R00578
K01676,C00001,R01082,K01955,R00256
K01676,C00001,R01082,K02549,R04031
K01676,C00001,R01082,K02564,R00765
K01676,C00001,R01082,K03269,R04549
K01676,C00001,R01082,K03426,R00103
K01676,C00001,R01082,K03520,R11168
K01676,C00001,R01082,K04041,R00762
K01676,C00001,R01082,K04765,R00087
K01676,C00001,R01082,K05349,R00026
K01676,C00001,R01082,K06949,R00615
K01676,C00001,R01082,K07407,R01101
K01676,C00001,R01082,K08966,R07394
K01676,C00001,R01082,K11991,R10223
K01676,C00001,R01082,K12111,R01678
K01676,C00001,R01082,K12373,R00022
K01676,C00001,R01082,K13381,R01206
K01676,C00001,R01082,K16165,R01085
K01676,C00001,R01082,K22927,R12345
K01676,C00001,R01082,K23518,R12390
K01676,C00001,R01082,K27502,R13291
K01679,C00001,R01082,K00012,R00286
K01679,C00001,R01082,K00066,R00880
K01679,C00001,R01082,K00138,R00711
K01679,C00001,R01082,K00200,R03015
K01679,C00001,R01082,K00381,R00858
K01679,C00001,R01082,K00600,R00945
K01679,C00001,R01082,K01007,R00199
K01679,C00001,R01082,K01060,R03062
K01679,C00001,R01082,K01077,R02135
K01679,C00001,R01082,K01081,R00183
K01679,C00001,R01082,K01119,R01562
K01679,C00001,R01082,K01129,R01856
K01679,C00001,R01082,K01139,R00336
K01679,C00001,R01082,K01179,R06200
K01679,C00001,R01082,K01222,R00839
K01679,C00001,R01082,K01241,R00182
K01679,C00001,R01082,K01256,R00899
K01679,C00001,R01082,K01430,R00131
K01679,C00001,R01082,K01448,R04112
K01679,C00001,R01082,K01950,R00257
K01679,C00001,R01082,K01952,R04463
K01679,C00001,R01082,K01953,R00578
K01679,C00001,R01082,K01955,R00256
K01679,C00001,R01082,K02549,R04031
K01679,C00001,R01082,K02564,R00765
K01679,C00001,R01082,K03269,R04549
K01679,C00001,R01082,K03426,R00103
K01679,C00001,R01082,K03520,R11168
K01679,C00001,R01082,K04041,R00762
K01679,C00001,R01082,K04765,R00087
K01679,C00001,R01082,K05349,R00026
K01679,C00001,R01082,K06949,R00615
K01679,C00001,R01082,K07407,R01101
K01679,C00001,R01082,K08966,R07394
K01679,C00001,R01082,K11991,R10223
K01679,C00001,R01082,K12111,R01678
K01679,C00001,R01082,K12373,R00022
K01679,C00001,R01082,K13381,R01206
K01679,C00001,R01082,K16165,R01085
K01679,C00001,R01082,K22927,R12345
K01679,C00001,R01082,K23518,R12390
K01679,C00001,R01082,K27502,R13291
K01682,C00311,R01324,K00031,R00267
K01709,C00001,R02426,K00012,R00286
K01709,C00001,R02426,K00066,R00880
K01709,C00001,R02426,K00138,R00711
K01709,C00001,R02426,K00200,R03015
K01709,C00001,R02426,K00381,R00858
K01709,C00001,R02426,K00600,R00945
K01709,C00001,R02426,K01007,R00199
K01709,C00001,R02426,K01060,R03062
K01709,C00001,R02426,K01077,R02135
K01709,C00001,R02426,K01081,R00183
K01709,C00001,R02426,K01119,R01562
K01709,C00001,R02426,K01129,R01856
K01709,C00001,R02426,K01139,R00336
K01709,C00001,R02426,K01179,R06200
K01709,C00001,R02426,K01222,R00839
K01709,C00001,R02426,K01241,R00182
K01709,C00001,R02426,K01256,R00899
K01709,C00001,R02426,K01430,R00131
K01709,C00001,R02426,K01448,R04112
K01709,C00001,R02426,K01950,R00257
K01709,C00001,R02426,K01952,R04463
K01709,C00001,R02426,K01953,R00578
K01709,C00001,R02426,K01955,R00256
K01709,C00001,R02426,K02549,R04031
K01709,C00001,R02426,K02564,R00765
K01709,C00001,R02426,K03269,R04549
K01709,C00001,R02426,K03426,R00103
K01709,C00001,R02426,K03520,R11168
K01709,C00001,R02426,K04041,R00762
K01709,C00001,R02426,K04765,R00087
K01709,C00001,R02426,K05349,R00026
K01709,C00001,R02426,K06949,R00615
K01709,C00001,R02426,K07407,R01101
K01709,C00001,R02426,K08966,R07394
K01709,C00001,R02426,K11991,R10223
K01709,C00001,R02426,K12111,R01678
K01709,C00001,R02426,K12373,R00022
K01709,C00001,R02426,K13381,R01206
K01709,C00001,R02426,K16165,R01085
K01709,C00001,R02426,K22927,R12345
K01709,C00001,R02426,K23518,R12390
K01709,C00001,R02426,K27502,R13291
K01710,C00001,R06513,K00012,R00286
K01710,C00001,R06513,K00066,R00880
K01710,C00001,R06513,K00138,R00711
K01710,C00001,R06513,K00200,R03015
K01710,C00001,R06513,K00381,R00858
K01710,C00001,R06513,K00600,R00945
K01710,C00001,R06513,K01007,R00199
K01710,C00001,R06513,K01060,R03062
K01710,C00001,R06513,K01077,R02135
K01710,C00001,R06513,K01081,R00183
K01710,C00001,R06513,K01119,R01562
K01710,C00001,R06513,K01129,R01856
K01710,C00001,R06513,K01139,R00336
K01710,C00001,R06513,K01179,R06200
K01710,C00001,R06513,K01222,R00839
K01710,C00001,R06513,K01241,R00182
K01710,C00001,R06513,K01256,R00899
K01710,C00001,R06513,K01430,R00131
K01710,C00001,R06513,K01448,R04112
K01710,C00001,R06513,K01950,R00257
K01710,C00001,R06513,K01952,R04463
K01710,C00001,R06513,K01953,R00578
K01710,C00001,R06513,K01955,R00256
K01710,C00001,R06513,K02549,R04031
K01710,C00001,R06513,K02564,R00765
K01710,C00001,R06513,K03269,R04549
K01710,C00001,R06513,K03426,R00103
K01710,C00001,R06513,K03520,R11168
K01710,C00001,R06513,K04041,R00762
K01710,C00001,R06513,K04765,R00087
K01710,C00001,R06513,K05349,R00026
K01710,C00001,R06513,K06949,R00615
K01710,C00001,R06513,K07407,R01101
K01710,C00001,R06513,K08966,R07394
K01710,C00001,R06513,K11991,R10223
K01710,C00001,R06513,K12111,R01678
K01710,C00001,R06513,K12373,R00022
K01710,C00001,R06513,K13381,R01206
K01710,C00001,R06513,K16165,R01085
K01710,C00001,R06513,K22927,R12345
K01710,C00001,R06513,K23518,R12390
K01710,C00001,R06513,K27502,R13291
K01736,C00009,R01714,K00145,R03443
K01736,C00009,R01714,K00147,R03313
K01736,C00009,R01714,K00688,R02111
K01736,C00009,R01714,K00705,R02111
K01736,C00009,R01714,K00789,R00177
K01740,C00033,R00651,K01895,R00235
K01809,C00085,R00772,K00615,R01067
K01810,C00085,R00771,K00615,R01067
K01840,C00636,R01818,K00971,R00885
K01847,C00091,R00833,K00673,R00832
K01867,C00020,R03664,K01081,R00183
K01867,C00020,R03664,K01241,R00182
K01867,C00013,R03664,K00767,R03348
K01867,C00013,R03664,K00789,R00177
K01869,C00020,R03657,K01081,R00183
K01869,C00020,R03657,K01241,R00182
K01869,C00013,R03657,K00767,R03348
K01869,C00013,R03657,K00789,R00177
K01870,C00020,R03656,K01081,R00183
K01870,C00020,R03656,K01241,R00182
K01870,C00013,R03656,K00767,R03348
K01870,C00013,R03656,K00789,R00177
K01872,C00020,R03038,K01081,R00183
K01872,C00020,R03038,K01241,R00182
K01872,C00013,R03038,K00767,R03348
K01872,C00013,R03038,K00789,R00177
K01876,C00013,R05577,K00767,R03348
K01876,C00013,R05577,K00789,R00177
K01876,C00020,R05577,K01081,R00183
K01876,C00020,R05577,K01241,R00182
K01881,C00020,R03661,K01081,R00183
K01881,C00020,R03661,K01241,R00182
K01881,C00013,R03661,K00767,R03348
K01881,C00013,R03661,K00789,R00177
K01890,C00020,R03660,K01081,R00183
K01890,C00020,R03660,K01241,R00182
K01890,C00013,R03660,K00767,R03348
K01890,C00013,R03660,K00789,R00177
K01893,C00020,R03648,K01081,R00183
K01893,C00020,R03648,K01241,R00182
K01893,C00013,R03648,K00767,R03348
K01893,C00013,R03648,K00789,R00177
K01895,C00020,R00235,K01081,R00183
K01895,C00020,R00235,K01241,R00182
K01895,C00013,R00235,K00767,R03348
K01895,C00013,R00235,K00789,R00177
K01895,C00024,R00235,K01961,R00742
K01895,C00024,R00235,K03737,R01196
K01895,C00024,R00235,K11263,R00742
K01897,C00020,R00390,K01081,R00183
K01897,C00020,R00390,K01241,R00182
K01897,C00013,R00390,K00767,R03348
K01897,C00013,R00390,K00789,R00177
K01923,C00009,R04591,K00145,R03443
K01923,C00009,R04591,K00147,R03313
K01923,C00009,R04591,K00688,R02111
K01923,C00009,R04591,K00705,R02111
K01923,C00009,R04591,K00789,R00177
K01925,C00009,R02783,K00145,R03443
K01925,C00009,R02783,K00147,R03313
K01925,C00009,R02783,K00688,R02111
K01925,C00009,R02783,K00705,R02111
K01925,C00009,R02783,K00789,R00177
K01940,C00020,R01954,K01081,R00183
K01940,C00020,R01954,K01241,R00182
K01940,C00013,R01954,K00767,R03348
K01940,C00013,R01954,K00789,R00177
K01950,C00020,R00257,K01081,R00183
K01950,C00020,R00257,K01241,R00182
K01950,C00013,R00257,K00767,R03348
K01950,C00013,R00257,K00789,R00177
K01950,C00003,R00257,K00012,R00286
K01950,C00003,R00257,K00024,R00342
K01950,C00003,R00257,K00066,R00880
K01950,C00003,R00257,K02823,R01869
K01950,C00003,R00257,K03426,R00103
K01950,C00025,R00257,K00265,R00114
K01950,C00025,R00257,K00266,R00114
K01950,C00025,R00257,K00284,R00021
K01950,C00025,R00257,K00836,R06977
K01951,C00020,R01230,K01081,R00183
K01951,C00020,R01230,K01241,R00182
K01951,C00013,R01230,K00767,R03348
K01951,C00013,R01230,K00789,R00177
K01952,C00009,R04463,K00145,R03443
K01952,C00009,R04463,K00147,R03313
K01952,C00009,R04463,K00688,R02111
K01952,C00009,R04463,K00705,R02111
K01952,C00009,R04463,K00789,R00177
K01952,C00025,R04463,K00265,R00114
K01952,C00025,R04463,K00266,R00114
K01952,C00025,R04463,K00284,R00021
K01952,C00025,R04463,K00836,R06977
K01953,C00020,R00578,K01081,R00183
K01953,C00020,R00578,K01241,R00182
K01953,C00013,R00578,K00767,R03348
K01953,C00013,R00578,K00789,R00177
K01953,C00152,R00578,K01893,R03648
K01953,C00025,R00578,K00265,R00114
K01953,C00025,R00578,K00266,R00114
K01953,C00025,R00578,K00284,R00021
K01953,C00025,R00578,K00836,R06977
K01955,C00025,R00256,K00265,R00114
K01955,C00025,R00256,K00266,R00114
K01955,C00025,R00256,K00284,R00021
K01955,C00025,R00256,K00836,R06977
K01955,C00014,R00256,K01951,R01230
K01955,C00014,R00256,K20934,R09799
K01955,C00014,R00256,K23393,R05030
K01961,C00009,R00742,K00145,R03443
K01961,C00009,R00742,K00147,R03313
K01961,C00009,R00742,K00688,R02111
K01961,C00009,R00742,K00705,R02111
K01961,C00009,R00742,K00789,R00177
K01965,C00009,R01859,K00145,R03443
K01965,C00009,R01859,K00147,R03313
K01965,C00009,R01859,K00688,R02111
K01965,C00009,R01859,K00705,R02111
K01965,C00009,R01859,K00789,R00177
K02363,C00020,R07644,K01081,R00183
K02363,C00020,R07644,K01241,R00182
K02363,C00013,R07644,K00767,R03348
K02363,C00013,R07644,K00789,R00177
K02377,C00005,R05692,K03465,R06613
K02377,C00005,R05692,K10680,R08014
K02377,C00080,R05692,K00342,R11945
K02377,C00080,R05692,K01611,R00178
K02377,C00080,R05692,K03465,R06613
K02377,C00080,R05692,K03737,R01196
K02377,C00080,R05692,K03809,R02964
K02377,C00080,R05692,K06441,R00019
K02377,C00080,R05692,K10680,R08014
K02564,C00085,R00765,K00615,R01067
K02564,C00014,R00765,K01951,R01230
K02564,C00014,R00765,K20934,R09799
K02564,C00014,R00765,K23393,R05030
K02823,C00080,R01869,K00342,R11945
K02823,C00080,R01869,K01611,R00178
K02823,C00080,R01869,K03465,R06613
K02823,C00080,R01869,K03737,R01196
K02823,C00080,R01869,K03809,R02964
K02823,C00080,R01869,K06441,R00019
K02823,C00080,R01869,K10680,R08014
K02823,C00004,R01869,K00342,R11945
K02823,C00004,R01869,K03809,R02964
K03426,C00020,R00103,K01081,R00183
K03426,C00020,R00103,K01241,R00182
K03465,C00006,R06613,K00031,R00267
K03465,C00006,R06613,K00036,R00835
K03465,C00006,R06613,K00067,R02777
K03465,C00006,R06613,K00138,R00711
K03465,C00006,R06613,K00145,R03443
K03465,C00006,R06613,K00147,R03313
K03465,C00006,R06613,K00265,R00114
K03465,C00006,R06613,K00266,R00114
K03465,C00006,R06613,K00381,R00858
K03465,C00006,R06613,K02377,R05692
K03465,C00006,R06613,K09457,R07605
K03465,C00006,R06613,K27502,R13291
K03520,C00011,R11168,K00767,R03348
K03520,C00011,R11168,K03737,R01196
K03737,C00139,R01196,K00200,R03015
K03737,C00139,R01196,K00284,R00021
K03737,C00022,R01196,K00873,R00200
K03737,C00022,R01196,K01007,R00199
K03737,C00022,R01196,K01666,R00750
K03737,C00022,R01196,K18365,R00750
K03737,C00010,R01196,K01895,R00235
K03737,C00010,R01196,K01897,R00390
K03781,C00007,R00009,K00116,R00360
K03781,C00001,R00009,K00012,R00286
K03781,C00001,R00009,K00066,R00880
K03781,C00001,R00009,K00138,R00711
K03781,C00001,R00009,K00200,R03015
K03781,C00001,R00009,K00381,R00858
K03781,C00001,R00009,K00600,R00945
K03781,C00001,R00009,K01007,R00199
K03781,C00001,R00009,K01060,R03062
K03781,C00001,R00009,K01077,R02135
K03781,C00001,R00009,K01081,R00183
K03781,C00001,R00009,K01119,R01562
K03781,C00001,R00009,K01129,R01856
K03781,C00001,R00009,K01139,R00336
K03781,C00001,R00009,K01179,R06200
K03781,C00001,R00009,K01222,R00839
K03781,C00001,R00009,K01241,R00182
K03781,C00001,R00009,K01256,R00899
K03781,C00001,R00009,K01430,R00131
K03781,C00001,R00009,K01448,R04112
K03781,C00001,R00009,K01950,R00257
K03781,C00001,R00009,K01952,R04463
K03781,C00001,R00009,K01953,R00578
K03781,C00001,R00009,K01955,R00256
K03781,C00001,R00009,K02549,R04031
K03781,C00001,R00009,K02564,R00765
K03781,C00001,R00009,K03269,R04549
K03781,C00001,R00009,K03426,R00103
K03781,C00001,R00009,K03520,R11168
K03781,C00001,R00009,K04041,R00762
K03781,C00001,R00009,K04765,R00087
K03781,C00001,R00009,K05349,R00026
K03781,C00001,R00009,K06949,R00615
K03781,C00001,R00009,K07407,R01101
K03781,C00001,R00009,K08966,R07394
K03781,C00001,R00009,K11991,R10223
K03781,C00001,R00009,K12111,R01678
K03781,C00001,R00009,K12373,R00022
K03781,C00001,R00009,K13381,R01206
K03781,C00001,R00009,K16165,R01085
K03781,C00001,R00009,K22927,R12345
K03781,C00001,R00009,K23518,R12390
K03781,C00001,R00009,K27502,R13291
K03809,C00003,R02964,K00012,R00286
K03809,C00003,R02964,K00024,R00342
K03809,C00003,R02964,K00066,R00880
K03809,C00003,R02964,K02823,R01869
K03809,C00003,R02964,K03426,R00103
K04041,C00085,R00762,K00615,R01067
K04041,C00009,R00762,K00145,R03443
K04041,C00009,R00762,K00147,R03313
K04041,C00009,R00762,K00688,R02111
K04041,C00009,R00762,K00705,R02111
K04041,C00009,R00762,K00789,R00177
K04765,C00020,R00087,K01081,R00183
K04765,C00020,R00087,K01241,R00182
K04765,C00013,R00087,K00767,R03348
K04765,C00013,R00087,K00789,R00177
K04835,C00014,R03696,K01951,R01230
K04835,C00014,R03696,K20934,R09799
K04835,C00014,R03696,K23393,R05030
K05878,C00022,R01012,K00873,R00200
K05878,C00022,R01012,K01007,R00199
K05878,C00022,R01012,K01666,R00750
K05878,C00022,R01012,K18365,R00750
K06441,C00139,R00019,K00200,R03015
K06441,C00139,R00019,K00284,R00021
K06949,C01081,R00615,K01077,R02135
K06949,C00009,R00615,K00145,R03443
K06949,C00009,R00615,K00147,R03313
K06949,C00009,R00615,K00688,R02111
K06949,C00009,R00615,K00705,R02111
K06949,C00009,R00615,K00789,R00177
K08966,C00009,R07394,K00145,R03443
K08966,C00009,R07394,K00147,R03313
K08966,C00009,R07394,K00688,R02111
K08966,C00009,R07394,K00705,R02111
K08966,C00009,R07394,K00789,R00177
K09457,C00005,R07605,K03465,R06613
K09457,C00005,R07605,K10680,R08014
K09457,C00080,R07605,K00342,R11945
K09457,C00080,R07605,K01611,R00178
K09457,C00080,R07605,K03465,R06613
K09457,C00080,R07605,K03737,R01196
K09457,C00080,R07605,K03809,R02964
K09457,C00080,R07605,K06441,R00019
K09457,C00080,R07605,K10680,R08014
K10680,C00006,R08014,K00031,R00267
K10680,C00006,R08014,K00036,R00835
K10680,C00006,R08014,K00067,R02777
K10680,C00006,R08014,K00138,R00711
K10680,C00006,R08014,K00145,R03443
K10680,C00006,R08014,K00147,R03313
K10680,C00006,R08014,K00265,R00114
K10680,C00006,R08014,K00266,R00114
K10680,C00006,R08014,K00381,R00858
K10680,C00006,R08014,K02377,R05692
K10680,C00006,R08014,K09457,R07605
K10680,C00006,R08014,K27502,R13291
K10680,C00001,R08014,K00012,R00286
K10680,C00001,R08014,K00066,R00880
K10680,C00001,R08014,K00138,R00711
K10680,C00001,R08014,K00200,R03015
K10680,C00001,R08014,K00381,R00858
K10680,C00001,R08014,K00600,R00945
K10680,C00001,R08014,K01007,R00199
K10680,C00001,R08014,K01060,R03062
K10680,C00001,R08014,K01077,R02135
K10680,C00001,R08014,K01081,R00183
K10680,C00001,R08014,K01119,R01562
K10680,C00001,R08014,K01129,R01856
K10680,C00001,R08014,K01139,R00336
K10680,C00001,R08014,K01179,R06200
K10680,C00001,R08014,K01222,R00839
K10680,C00001,R08014,K01241,R00182
K10680,C00001,R08014,K01256,R00899
K10680,C00001,R08014,K01430,R00131
K10680,C00001,R08014,K01448,R04112
K10680,C00001,R08014,K01950,R00257
K10680,C00001,R08014,K01952,R04463
K10680,C00001,R08014,K01953,R00578
K10680,C00001,R08014,K01955,R00256
K10680,C00001,R08014,K02549,R04031
K10680,C00001,R08014,K02564,R00765
K10680,C00001,R08014,K03269,R04549
K10680,C00001,R08014,K03426,R00103
K10680,C00001,R08014,K03520,R11168
K10680,C00001,R08014,K04041,R00762
K10680,C00001,R08014,K04765,R00087
K10680,C00001,R08014,K05349,R00026
K10680,C00001,R08014,K06949,R00615
K10680,C00001,R08014,K07407,R01101
K10680,C00001,R08014,K08966,R07394
K10680,C00001,R08014,K11991,R10223
K10680,C00001,R08014,K12111,R01678
K10680,C00001,R08014,K12373,R00022
K10680,C00001,R08014,K13381,R01206
K10680,C00001,R08014,K16165,R01085
K10680,C00001,R08014,K22927,R12345
K10680,C00001,R08014,K23518,R12390
K10680,C00001,R08014,K27502,R13291
K11263,C00009,R00742,K00145,R03443
K11263,C00009,R00742,K00147,R03313
K11263,C00009,R00742,K00688,R02111
K11263,C00009,R00742,K00705,R02111
K11263,C00009,R00742,K00789,R00177
K11645,C00118,R01068,K00615,R01067
K11991,C00014,R10223,K01951,R01230
K11991,C00014,R10223,K20934,R09799
K11991,C00014,R10223,K23393,R05030
K12111,C00267,R01678,K01785,R01602
K12373,C00140,R00022,K07102,R08968
K13010,C00025,R10460,K00265,R00114
K13010,C00025,R10460,K00266,R00114
K13010,C00025,R10460,K00284,R00021
K13010,C00025,R10460,K00836,R06977
K13381,C00140,R01206,K07102,R08968
K15894,C00001,R09697,K00012,R00286
K15894,C00001,R09697,K00066,R00880
K15894,C00001,R09697,K00138,R00711
K15894,C00001,R09697,K00200,R03015
K15894,C00001,R09697,K00381,R00858
K15894,C00001,R09697,K00600,R00945
K15894,C00001,R09697,K01007,R00199
K15894,C00001,R09697,K01060,R03062
K15894,C00001,R09697,K01077,R02135
K15894,C00001,R09697,K01081,R00183
K15894,C00001,R09697,K01119,R01562
K15894,C00001,R09697,K01129,R01856
K15894,C00001,R09697,K01139,R00336
K15894,C00001,R09697,K01179,R06200
K15894,C00001,R09697,K01222,R00839
K15894,C00001,R09697,K01241,R00182
K15894,C00001,R09697,K01256,R00899
K15894,C00001,R09697,K01430,R00131
K15894,C00001,R09697,K01448,R04112
K15894,C00001,R09697,K01950,R00257
K15894,C00001,R09697,K01952,R04463
K15894,C00001,R09697,K01953,R00578
K15894,C00001,R09697,K01955,R00256
K15894,C00001,R09697,K02549,R04031
K15894,C00001,R09697,K02564,R00765
K15894,C00001,R09697,K03269,R04549
K15894,C00001,R09697,K03426,R00103
K15894,C00001,R09697,K03520,R11168
K15894,C00001,R09697,K04041,R00762
K15894,C00001,R09697,K04765,R00087
K15894,C00001,R09697,K05349,R00026
K15894,C00001,R09697,K06949,R00615
K15894,C00001,R09697,K07407,R01101
K15894,C00001,R09697,K08966,R07394
K15894,C00001,R09697,K11991,R10223
K15894,C00001,R09697,K12111,R01678
K15894,C00001,R09697,K12373,R00022
K15894,C00001,R09697,K13381,R01206
K15894,C00001,R09697,K16165,R01085
K15894,C00001,R09697,K22927,R12345
K15894,C00001,R09697,K23518,R12390
K15894,C00001,R09697,K27502,R13291
K16165,C00022,R01085,K00873,R00200
K16165,C00022,R01085,K01007,R00199
K16165,C00022,R01085,K01666,R00750
K16165,C00022,R01085,K18365,R00750
K18292,C00024,R00237,K01961,R00742
K18292,C00024,R00237,K03737,R01196
K18292,C00024,R00237,K11263,R00742
K18292,C00022,R00237,K00873,R00200
K18292,C00022,R00237,K01007,R00199
K18292,C00022,R00237,K01666,R00750
K18292,C00022,R00237,K18365,R00750
K20934,C00001,R09799,K00012,R00286
K20934,C00001,R09799,K00066,R00880
K20934,C00001,R09799,K00138,R00711
K20934,C00001,R09799,K00200,R03015
K20934,C00001,R09799,K00381,R00858
K20934,C00001,R09799,K00600,R00945
K20934,C00001,R09799,K01007,R00199
K20934,C00001,R09799,K01060,R03062
K20934,C00001,R09799,K01077,R02135
K20934,C00001,R09799,K01081,R00183
K20934,C00001,R09799,K01119,R01562
K20934,C00001,R09799,K01129,R01856
K20934,C00001,R09799,K01139,R00336
K20934,C00001,R09799,K01179,R06200
K20934,C00001,R09799,K01222,R00839
K20934,C00001,R09799,K01241,R00182
K20934,C00001,R09799,K01256,R00899
K20934,C00001,R09799,K01430,R00131
K20934,C00001,R09799,K01448,R04112
K20934,C00001,R09799,K01950,R00257
K20934,C00001,R09799,K01952,R04463
K20934,C00001,R09799,K01953,R00578
K20934,C00001,R09799,K01955,R00256
K20934,C00001,R09799,K02549,R04031
K20934,C00001,R09799,K02564,R00765
K20934,C00001,R09799,K03269,R04549
K20934,C00001,R09799,K03426,R00103
K20934,C00001,R09799,K03520,R11168
K20934,C00001,R09799,K04041,R00762
K20934,C00001,R09799,K04765,R00087
K20934,C00001,R09799,K05349,R00026
K20934,C00001,R09799,K06949,R00615
K20934,C00001,R09799,K07407,R01101
K20934,C00001,R09799,K08966,R07394
K20934,C00001,R09799,K11991,R10223
K20934,C00001,R09799,K12111,R01678
K20934,C00001,R09799,K12373,R00022
K20934,C00001,R09799,K13381,R01206
K20934,C00001,R09799,K16165,R01085
K20934,C00001,R09799,K22927,R12345
K20934,C00001,R09799,K23518,R12390
K20934,C00001,R09799,K27502,R13291
K21029,C00013,R07459,K00767,R03348
K21029,C00013,R07459,K00789,R00177
K21636,C00286,R11633,K01129,R01856
K21636,C00011,R11633,K00767,R03348
K21636,C00011,R11633,K03737,R01196
K21636,C00001,R11633,K00012,R00286
K21636,C00001,R11633,K00066,R00880
K21636,C00001,R11633,K00138,R00711
K21636,C00001,R11633,K00200,R03015
K21636,C00001,R11633,K00381,R00858
K21636,C00001,R11633,K00600,R00945
K21636,C00001,R11633,K01007,R00199
K21636,C00001,R11633,K01060,R03062
K21636,C00001,R11633,K01077,R02135
K21636,C00001,R11633,K01081,R00183
K21636,C00001,R11633,K01119,R01562
K21636,C00001,R11633,K01129,R01856
K21636,C00001,R11633,K01139,R00336
K21636,C00001,R11633,K01179,R06200
K21636,C00001,R11633,K01222,R00839
K21636,C00001,R11633,K01241,R00182
K21636,C00001,R11633,K01256,R00899
K21636,C00001,R11633,K01430,R00131
K21636,C00001,R11633,K01448,R04112
K21636,C00001,R11633,K01950,R00257
K21636,C00001,R11633,K01952,R04463
K21636,C00001,R11633,K01953,R00578
K21636,C00001,R11633,K01955,R00256
K21636,C00001,R11633,K02549,R04031
K21636,C00001,R11633,K02564,R00765
K21636,C00001,R11633,K03269,R04549
K21636,C00001,R11633,K03426,R00103
K21636,C00001,R11633,K03520,R11168
K21636,C00001,R11633,K04041,R00762
K21636,C00001,R11633,K04765,R00087
K21636,C00001,R11633,K05349,R00026
K21636,C00001,R11633,K06949,R00615
K21636,C00001,R11633,K07407,R01101
K21636,C00001,R11633,K08966,R07394
K21636,C00001,R11633,K11991,R10223
K21636,C00001,R11633,K12111,R01678
K21636,C00001,R11633,K12373,R00022
K21636,C00001,R11633,K13381,R01206
K21636,C00001,R11633,K16165,R01085
K21636,C00001,R11633,K22927,R12345
K21636,C00001,R11633,K23518,R12390
K21636,C00001,R11633,K27502,R13291
K23351,C00011,R03028,K00767,R03348
K23351,C00011,R03028,K03737,R01196
K23393,C00009,R05030,K00145,R03443
K23393,C00009,R05030,K00147,R03313
K23393,C00009,R05030,K00688,R02111
K23393,C00009,R05030,K00705,R02111
K23393,C00009,R05030,K00789,R00177
K23518,C00033,R12390,K01895,R00235
K24300,C00001,R10266,K00012,R00286
K24300,C00001,R10266,K00066,R00880
K24300,C00001,R10266,K00138,R00711
K24300,C00001,R10266,K00200,R03015
K24300,C00001,R10266,K00381,R00858
K24300,C00001,R10266,K00600,R00945
K24300,C00001,R10266,K01007,R00199
K24300,C00001,R10266,K01060,R03062
K24300,C00001,R10266,K01077,R02135
K24300,C00001,R10266,K01081,R00183
K24300,C00001,R10266,K01119,R01562
K24300,C00001,R10266,K01129,R01856
K24300,C00001,R10266,K01139,R00336
K24300,C00001,R10266,K01179,R06200
K24300,C00001,R10266,K01222,R00839
K24300,C00001,R10266,K01241,R00182
K24300,C00001,R10266,K01256,R00899
K24300,C00001,R10266,K01430,R00131
K24300,C00001,R10266,K01448,R04112
K24300,C00001,R10266,K01950,R00257
K24300,C00001,R10266,K01952,R04463
K24300,C00001,R10266,K01953,R00578
K24300,C00001,R10266,K01955,R00256
K24300,C00001,R10266,K02549,R04031
K24300,C00001,R10266,K02564,R00765
K24300,C00001,R10266,K03269,R04549
K24300,C00001,R10266,K03426,R00103
K24300,C00001,R10266,K03520,R11168
K24300,C00001,R10266,K04041,R00762
K24300,C00001,R10266,K04765,R00087
K24300,C00001,R10266,K05349,R00026
K24300,C00001,R10266,K06949,R00615
K24300,C00001,R10266,K07407,R01101
K24300,C00001,R10266,K08966,R07394
K24300,C00001,R10266,K11991,R10223
K24300,C00001,R10266,K12111,R01678
K24300,C00001,R10266,K12373,R00022
K24300,C00001,R10266,K13381,R01206
K24300,C00001,R10266,K16165,R01085
K24300,C00001,R10266,K22927,R12345
K24300,C00001,R10266,K23518,R12390
K24300,C00001,R10266,K27502,R13291
K27502,C00441,R13291,K00836,R06977
K27502,C00005,R13291,K03465,R06613
K27502,C00005,R13291,K10680,R08014
K27502,C00080,R13291,K00342,R11945
K27502,C00080,R13291,K01611,R00178
K27502,C00080,R13291,K03465,R06613
K27502,C00080,R13291,K03737,R01196
K27502,C00080,R13291,K03809,R02964
K27502,C00080,R13291,K06441,R00019
K27502,C00080,R13291,K10680,R08014
